date,title,link
2021-01-01,,https://blog.naver.com/MyBlog.naver
2021-01-01,,https://section.blog.naver.com/
2021-01-01,,https://blog.naver.com/love151419
2021-01-01,Adieu 2020 지난 1년간의 이야기 / 현짱이네 연말정산,https://blog.naver.com/love151419/222193019929
2021-01-02,,https://blog.naver.com/lea010110
2021-01-02,2020연말결산_2분기,https://blog.naver.com/lea010110/222193266676
2021-01-03,,https://blog.naver.com/gihun1984
2021-01-03,<드라이브 코스 추천> 대전 드라이브코스 코로나 데이트 추천,https://blog.naver.com/gihun1984/222195006951
2021-01-03,,https://blog.naver.com/yesfam
2021-01-03,"2021년 1월 1일 북촌, 종로를 걸으며...",https://blog.naver.com/yesfam/222194898545
2021-01-03,,https://blog.naver.com/kidocura
2021-01-03,한국식 쌀국수 전문점 미미옥 신용산점,https://blog.naver.com/kidocura/222194737179
2021-01-04,서울 여행코스 북촌 한옥마을,https://blog.naver.com/mixsun/222196246979
2021-01-05,"[경기도 동두천 볼거리] ""태극기 벽화마을"" 마치 시간여행을 하는듯한 옛감성 동네풍경 (생연동 신상공방 디어마인도 생겼다.)",https://blog.naver.com/cinnabar0/222196982571
2021-01-05,,https://blog.naver.com/paldangwan
2021-01-05,[익선동] [카페] [빵] [핸드드립] [스팀식빵] [우유],https://blog.naver.com/paldangwan/222196936336
2021-01-07,,https://blog.naver.com/lichen_e
2021-01-07,"[국내여행]겨울왕국 볼 수 있는 대전 1박 여행지, 맛집, 카페 추천",https://blog.naver.com/lichen_e/222200137640
2021-01-07,,https://blog.naver.com/jkedu2022
2021-01-07,종로상가경매 종로구 익선동 주택 외국인 관광명소,https://blog.naver.com/jkedu2022/222199762102
2021-01-07,,https://blog.naver.com/eduonepass
2021-01-07,익선동 빠리가옥 :: 런치 메뉴로 맛과 풍미 제대로 느낀다 (+아씨방앗간),https://blog.naver.com/eduonepass/222199628097
2021-01-07,,https://blog.naver.com/bookforest001
2021-01-07,[밝은미래] 건축왕 정세권,https://blog.naver.com/bookforest001/222199552824
2021-01-07,,https://blog.naver.com/yoooon___n
2021-01-07,"2020년 하반기 결산, 먹고 노는 한 해 일상",https://blog.naver.com/yoooon___n/222199042826
2021-01-12,카페 맛집이 모여있는 샤로수길 서울대 핫플레이스 샤로수길 놀거리 골목여행,https://blog.naver.com/eao0926/222204965322
2021-01-12,,https://blog.naver.com/kjeijf34
2021-01-12,서울 호텔 - 호텔 쿠레타케소 인사동 (Hotel Kuretakeso Insadong),https://blog.naver.com/kjeijf34/222190157682
2021-01-12,,https://blog.naver.com/scop1001
2021-01-12,한국을 방문한 외국인에게 꼭 소개해주고 싶은 장소!,https://blog.naver.com/scop1001/222200770133
2021-01-13,,https://blog.naver.com/minzzoangel
2021-01-13,12월 첫째주.,https://blog.naver.com/minzzoangel/222206327946
2021-01-14,윤스테이 촬영지 전남 구례 쌍산재 고택 다녀온 후기,https://blog.naver.com/parkjy_0424/222207287874
2021-01-15,,https://blog.naver.com/ddurumi7
2021-01-15,"[소제동 맛집]대전에서 동남아 휴양지 기분내기, 치앙마이방콕",https://blog.naver.com/ddurumi7/222208122972
2021-01-16,,https://blog.naver.com/yoonji0810
2021-01-16,[밝은미래] 건축왕 정세권,https://blog.naver.com/yoonji0810/222209341196
2021-01-17,,https://blog.naver.com/jjw408
2021-01-17,"52주 여행, 남몰래 아껴둔 서울경기 255",https://blog.naver.com/jjw408/222205834857
2021-01-21,,https://blog.naver.com/mylimkim
2021-01-21,코로나가 휩쓴 2020년…선호 여행지는 어떻게 바뀌었나,https://blog.naver.com/mylimkim/222214671558
2021-01-21,,https://blog.naver.com/oddnc
2021-01-21,'코로나 1년' 유명 관광지 지고 한적한 소도시 떴다,https://blog.naver.com/oddnc/222214658452
2021-01-22,,https://blog.naver.com/krphsol
2021-01-22,<맛집 일기 60> 익선동 한옥거리의 동남아의 리조트를 떠올리게 하는 이국적인 태국요리 맛집 살라댕 방콕에서 유찬이 생일 만찬,https://blog.naver.com/krphsol/222216669134
2021-01-22,북악산 팔각정 야경부터 한옥뷰까지 서울 경치좋은곳,https://blog.naver.com/seouldatepop/222216337519
2021-01-22,,https://blog.naver.com/dbwoqjq123
2021-01-22,인사동 쌈지길에서 캐리커쳐 선물하기,https://blog.naver.com/dbwoqjq123/222216196714
2021-01-22,,https://blog.naver.com/abllifeinsurance
2021-01-22,"아이들과 함께 보내는, 한옥에서의 하룻밤",https://blog.naver.com/abllifeinsurance/222216161054
2021-01-22,,https://blog.naver.com/dlgnswn89
2021-01-22,익선동 파스타 맛집 빠리가옥 데이트하기 좋은 익선동 레스토랑,https://blog.naver.com/dlgnswn89/222215779890
2021-01-23,,https://blog.naver.com/7dlawndnjs
2021-01-23,[살라댕방콕] _ 뇌리에 콕콕! 살라댕 방콕,https://blog.naver.com/7dlawndnjs/222217160877
2021-01-23,"<카페, 바, 펍 일기 10> 고전적인 한옥을 현대적으로 리모델링한 익선동 한옥거리 수플레 팬케이크 디저트 카페 온화(溫花) - 분위기는 굿, 수플레 케이크의 맛은 기대 미달",https://blog.naver.com/krphsol/222216845014
2021-01-24,,https://blog.naver.com/iunclejo
2021-01-24,'코로나 1년' 유명 관광지 지고 한적한 소도시 떴다,https://blog.naver.com/iunclejo/222218668887
2021-01-24,,https://blog.naver.com/sunghark98
2021-01-24,"건축왕, 경성을 만들다 ②",https://blog.naver.com/sunghark98/222218309810
2021-01-24,"<카페, 바, 펍 일기 11> 100년된 한옥 펍에서 피맥을 할 수 있는 익선동 한옥거리 수제 맥주 맛집 에일당",https://blog.naver.com/krphsol/222217954102
2021-01-25,,https://blog.naver.com/billonhouse
2021-01-25,"[경주 황리단길] 1박2일, 2박3일 코스 총정리! 알짜배기 장소만 모았어요~",https://blog.naver.com/billonhouse/222219462901
2021-01-25,"대전 데이트코스 추천 관사촌, 소제동 이야기 (feat. 동북아, 풍뉴가)",https://blog.naver.com/travstory/222219137051
2021-01-28,,https://blog.naver.com/1000nurijj
2021-01-28,대한민국 대표 한국관광 100선,https://blog.naver.com/1000nurijj/222223220279
2021-01-28,,https://blog.naver.com/apexjbl
2021-01-28,한국관광 100선을 소개합니다.,https://blog.naver.com/apexjbl/222223117897
2021-01-28,,https://blog.naver.com/angelcares
2021-01-28,우리나라 관광명소 100선,https://blog.naver.com/angelcares/222223080292
2021-01-29,,https://blog.naver.com/cgt0203
2021-01-29,"2021, 2022년 한국인이 꼭 가봐야 할 한국관광명소 100선 및 야간관광 100선 입니다.",https://blog.naver.com/cgt0203/222224836846
2021-01-29,,https://blog.naver.com/rnjsdudxkr91
2021-01-29,한국관광 100선 지도,https://blog.naver.com/rnjsdudxkr91/222224627562
2021-01-29,,https://blog.naver.com/jkjkeiko3
2021-01-29,'2021~2022 한국관광 100선’은 어디?,https://blog.naver.com/jkjkeiko3/222224501581
2021-01-29,"문화체육관광부와 한국관광공사에서 선정 한, 한국인 꼭! 가봐야 할 2021~2022 한국관광 100선",https://blog.naver.com/joonhohong/222224201431
2021-01-29,"대전 소제동 맛집 슈니첼, 여긴 데이트 성지인가",https://blog.naver.com/un9914/222224100352
2021-01-29,,https://blog.naver.com/hanj999
2021-01-29,2021~2022 한국관광 100선,https://blog.naver.com/hanj999/222224088908
2021-01-29,,https://blog.naver.com/yeobi_pr
2021-01-29,#21_22 한국관광100선 #수도권_서울 Ⅰ,https://blog.naver.com/yeobi_pr/222223955819
2021-01-30,,https://blog.naver.com/leejaeyoung1107
2021-01-30,종로 에세이,https://blog.naver.com/leejaeyoung1107/222225691781
2021-01-30,,https://blog.naver.com/kevinlim
2021-01-30,걷기좋은 길 돈화문로가 완성되었습니다.,https://blog.naver.com/kevinlim/222225658256
2021-01-30,,https://blog.naver.com/kjchol123
2021-01-30,꼭 가봐야 할 국내 대표 여행지 ‘2021-2022 한국관광100선’ 소개/국내관광 명소,https://blog.naver.com/kjchol123/222225433352
2021-01-30,,https://blog.naver.com/simeauto1
2021-01-30,우리나라관광100선 문화관광부가 선정한 2021년~2022년한국인이 가봐야할 한국관광100선,https://blog.naver.com/simeauto1/222225224551
2021-01-30,서울 여행 1박 2일 7곳 야경 포함 대중교통 가는 방법까지,https://blog.naver.com/junsnet/222224958889
2021-01-31,,https://blog.naver.com/kwon3348
2021-01-31,대한민국 대표 관광명소 100선,https://blog.naver.com/kwon3348/222226643280
2021-01-31,국내여행 한국관광100선 feat.한국관광공사 문화체육관광부,https://blog.naver.com/kyena200/222226065972
2021-02-01,,https://blog.naver.com/limyk3217
2021-02-01,"대한민국 대표 관광명소 ···5회 연속 19개소, 최초 29개소 한국관광 100선 선정!",https://blog.naver.com/limyk3217/222228041705
2021-02-01,,https://blog.naver.com/jeon2389
2021-02-01,"한국관광공사 선정 '100대 관광지' 어서 와, 여기는 처음이지?‘",https://blog.naver.com/jeon2389/222227937749
2021-02-01,,https://blog.naver.com/newdeal4you
2021-02-01,[도시락 특파원] 푸른 경쟁력을 가져라! 도시재생 청년스타트업,https://blog.naver.com/newdeal4you/222227619413
2021-02-01,,https://blog.naver.com/whiteboies
2021-02-01,[2021-1월] 익선동 맛집 돈부리파스타,https://blog.naver.com/whiteboies/222227035032
2021-02-02,,https://blog.naver.com/araon100
2021-02-02,"독립밀방, 서대문 독립문 새로운 맛집 데이트 명소",https://blog.naver.com/araon100/222229153225
2021-02-04,,https://blog.naver.com/ghgh8341
2021-02-04,남자친구와 두근두근 하게 대학로에서 반지만들기!,https://blog.naver.com/ghgh8341/222231808975
2021-02-04,,https://blog.naver.com/hq1522hbsz
2021-02-04,서울에서 만나는 데이트 명소,https://blog.naver.com/hq1522hbsz/222231685356
2021-02-04,,https://blog.naver.com/jonghwa42
2021-02-04,2021~2022 한국관광 100선 '서울특별시',https://blog.naver.com/jonghwa42/222231266930
2021-02-04,2021~2022 한국관광 100선에 포함된 전남관광지 안내,https://blog.naver.com/ashim1/222228426541
2021-02-05,,https://blog.naver.com/mtclean
2021-02-05,2021~2022 한국관광 100선을 소개합니다.,https://blog.naver.com/mtclean/222233165380
2021-02-05,,https://blog.naver.com/djkcr
2021-02-05,[대전맛집] 나만의 트레이를 채우다! 이색 맛집 ‘워터밀’ [대전교차로],https://blog.naver.com/djkcr/222232869736
2021-02-05,경주 황리단길 총정리해본 여행정보 (주차장 카페 맛집 등),https://blog.naver.com/kci_kci/222232146775
2021-02-05,,https://blog.naver.com/kzmoei
2021-02-05,"5월의 경주, DAY2",https://blog.naver.com/kzmoei/222232030699
2021-02-06,서울 가볼만한곳 코엑스 주말 데이트코스 추천,https://blog.naver.com/hnmh2332/222234431137
2021-02-06,2021-2022 한국관광 100선 찾아 떠나는 국내 여행지 추천,https://blog.naver.com/uni7741/222232974222
2021-02-09,,https://blog.naver.com/hug5hug
2021-02-09,익선동 맛집[경양카츠],https://blog.naver.com/hug5hug/222238011517
2021-02-09,,https://blog.naver.com/zicizi
2021-02-09,신당동 마복림떡볶이 / 핫플 익선동 / 서울야경 서울벚꽃명소 낙산공원,https://blog.naver.com/zicizi/222237682297
2021-02-10,,https://blog.naver.com/tokihome2009
2021-02-10,익선동 놀거리 | 익선동 공영 주차장 | 익선동 워터밀 | 익선동 주차 |,https://blog.naver.com/tokihome2009/222239626083
2021-02-10,,https://blog.naver.com/interpark_tour
2021-02-10,안심하고 집콕 탈출! 설 연휴 룸콕하기 좋은 숙소,https://blog.naver.com/interpark_tour/223733541022
2021-02-11,,https://blog.naver.com/zinnia1106
2021-02-11,명절연휴 비대면 관광지 서울 운현궁 설날큰잔치,https://blog.naver.com/zinnia1106/222240079040
2021-02-11,,https://blog.naver.com/asdff52
2021-02-11,2021 방가,https://blog.naver.com/asdff52/222239723543
2021-02-12,"서울 나들이 여행, 주말 놀만한곳 및 갈만한곳 추천",https://blog.naver.com/totoro122425/222241398756
2021-02-12,,https://blog.naver.com/leejungsunc
2021-02-12,돌집 리모델링 사례,https://blog.naver.com/leejungsunc/222241007778
2021-02-13,,https://blog.naver.com/pholee119
2021-02-13,익선동2<익선동 한옥마을>(서울 종로 2021.2.13),https://blog.naver.com/pholee119/222242412126
2021-02-13,속초 수제맥주 양조장 크래프트루트,https://blog.naver.com/pooq87/222241303457
2021-02-14,,https://blog.naver.com/asahiok
2021-02-14,"익선동 옆 권농동, 서순라 길【너만 모르는 종로구 핫플】",https://blog.naver.com/asahiok/222243297486
2021-02-14,"1박 2일 선재도 여행 (선재도 가볼 만한 곳, 뻘다방 일몰 맛집, 카페 선재리 커피집)",https://blog.naver.com/seoulhiker/222243007546
2021-02-16,서울 데이트 코스 뮤지엄오브컬러 63 전시회 & 익선동,https://blog.naver.com/neweunha/222246088738
2021-02-17,,https://blog.naver.com/rsy1205
2021-02-17,2021 한국광광 100선 꼭 가보고 싶은 우리나라 대표 관광명소,https://blog.naver.com/rsy1205/222246299965
2021-02-20,한국인이 꼭 가봐야 할 2021-2022 한국 관광 100선,https://blog.naver.com/b1106b/222250637493
2021-02-20,"서울 종로 가볼만한곳 / 익선동에서 계동, 안국동 데이트 코스",https://blog.naver.com/foreverck/222250593902
2021-02-20,,https://blog.naver.com/eric8308
2021-02-20,운동화 신은 선비가 되어 보자! 서울 도심에 숨어있는 근대의 숨결 Top 5 여행 코스,https://blog.naver.com/eric8308/222250156738
2021-02-21,,https://blog.naver.com/save_sojedong
2021-02-21,역사가 문화가 되다 트렌드가 되다 #인천개항기역사길 #소제동철도관사촌,https://blog.naver.com/save_sojedong/222251580247
2021-02-21,익선동 한옥마을 카페 미담헌 빠숑숑 화덕빵 종로3가역,https://blog.naver.com/sajapyung/222250954039
2021-02-21,서울 나들이 은평 한옥마을 한적한 걷기좋은길 예쁜 카페까지,https://blog.naver.com/keai1016/222250758650
2021-02-22,,https://blog.naver.com/zoeful_days
2021-02-22,"[서울 카페 추천] 도심 속 자연이 공존하는 청수당 (清水堂), 인스타 핫플 카페!",https://blog.naver.com/zoeful_days/222252492095
2021-02-22,,https://blog.naver.com/eunbee_kkabee
2021-02-22,[도장깨기] 2020문화유산방문캠페인 스탬프투어 :: 왕가의 길 한바퀴♀️,https://blog.naver.com/eunbee_kkabee/222249815233
2021-02-23,,https://blog.naver.com/summ80
2021-02-23,파주 양주 식물원 온실카페 오랑주리,https://blog.naver.com/summ80/222253796026
2021-02-23,,https://blog.naver.com/hjylol
2021-02-23,"서울 익선동 맥주 맛집 서울집시! 다양한 사워맥주, 수제맥주 추천",https://blog.naver.com/hjylol/222253780648
2021-02-23,,https://blog.naver.com/barvera
2021-02-23,은계호수타운 분양가 및 상가 임대매매 정보,https://blog.naver.com/barvera/222253187570
2021-02-24,,https://blog.naver.com/kimsolimda
2021-02-24,우리 함께 가자! ㅣ 과거와 현재가 공존하는 '서울 명소 10곳'(종로구&성북구),https://blog.naver.com/kimsolimda/222255406457
2021-02-24,,https://blog.naver.com/leejb0104
2021-02-24,한양도성길 인왕산정상 코스 명소 서울성곽길여행,https://blog.naver.com/leejb0104/222254797322
2021-02-24,,https://blog.naver.com/mygood0408
2021-02-24,"대전 가볼만한 곳, 볼만한 곳 [소제동 카페 및 맛집] 정리~!",https://blog.naver.com/mygood0408/222254538812
2021-02-25,,https://blog.naver.com/babe311
2021-02-25,백인제가옥. 종로 북촌기행,https://blog.naver.com/babe311/222256005521
2021-02-25,,https://blog.naver.com/valuevine
2021-02-25,골목길에서 로컬의 미래를 만나다 <골목길 자본론>,https://blog.naver.com/valuevine/222255522477
2021-02-28,,https://blog.naver.com/yoonminanny
2021-02-28,서울 종로 익선동. 한옥마을 익선동 길을 걷다. 익선동 이탈리안 레스토랑 지오쿠치나 피자 파스타,https://blog.naver.com/yoonminanny/222259338526
2021-03-01,,https://blog.naver.com/laum0105
2021-03-01,익선동 기념일데이트로 우리의 추억만들기!,https://blog.naver.com/laum0105/222260848055
2021-03-01,,https://blog.naver.com/twofacej
2021-03-01,뉴트로 New-tro,https://blog.naver.com/twofacej/222260688473
2021-03-01,,https://blog.naver.com/sunah65
2021-03-01,수원 힙한 명소 행리단길과 맛집,https://blog.naver.com/sunah65/222260155885
2021-03-02,,https://blog.naver.com/cognos57
2021-03-02,서울종로구여행 서울가볼만한곳 서울관광명소 익선동한옥거리,https://blog.naver.com/cognos57/222260538704
2021-03-03,,https://blog.naver.com/jinhj96
2021-03-03,[전시] 2021 딜라이트 서울 l 서울전시 l 3월 전시회 추천 l 인생샷명소,https://blog.naver.com/jinhj96/222263046896
2021-03-04,,https://blog.naver.com/the_trip_
2021-03-04,두 지역을 동시에 즐기다_사이에 호텔들 1편,https://blog.naver.com/the_trip_/223718233260
2021-03-05,,https://blog.naver.com/jyw1557
2021-03-05,익선동 피자 맛집 백스트리트피자 jmt,https://blog.naver.com/jyw1557/222265879807
2021-03-05,,https://blog.naver.com/5for10
2021-03-05,[카페명소] 종로 익선동 카페 '청수당',https://blog.naver.com/5for10/222264918569
2021-03-07,,https://blog.naver.com/dudtj6640
2021-03-07,익선동은 분위기가 참 좋아 :),https://blog.naver.com/dudtj6640/222267729586
2021-03-07,,https://blog.naver.com/meang_ej
2021-03-07,대한민국즐기기_2021~2022 한국관광 100선,https://blog.naver.com/meang_ej/222267364356
2021-03-07,"익선동 빠리가옥, 프랑스 쉐프의 달팽이요리 핫해하태!",https://blog.naver.com/stclare/222267152921
2021-03-08,익선동 데이트 워터밀 건강한 맛집,https://blog.naver.com/llllstyle/222268898414
2021-03-08,,https://blog.naver.com/snsne-
2021-03-08,북촌카페 그린마일커피,https://blog.naver.com/snsne-/222268779752
2021-03-08,,https://blog.naver.com/opag0322
2021-03-08,종로 광장시장 구경 나들이,https://blog.naver.com/opag0322/222267872474
2021-03-09,,https://blog.naver.com/gustjddl628
2021-03-09,#453. 우리나라 도시 여행 2. 전국지리교사모임. 2020.12.3-4.,https://blog.naver.com/gustjddl628/222269612010
2021-03-09,,https://blog.naver.com/amazing1203
2021-03-09,4월 봄 벚꽃 삼청동 정독도서관에서 개인화보.개인스냅.벚꽃 스냅 촬영 photo by 한걸음씩 스냅,https://blog.naver.com/amazing1203/222269292636
2021-03-10,,https://blog.naver.com/ttttsssss
2021-03-10,익선동 점심 익선동121 한식맛집,https://blog.naver.com/ttttsssss/222271347549
2021-03-10,,https://blog.naver.com/dodoyash
2021-03-10,"익선동카페, 청수당",https://blog.naver.com/dodoyash/222270482570
2021-03-11,,https://blog.naver.com/imcomms1
2021-03-11,[2019-4분기] 세련미보다 깊은 노련미 - 오늘의 낡은 서울,https://blog.naver.com/imcomms1/222272126421
2021-03-12,,https://blog.naver.com/seedstory
2021-03-12,종로 파스타 맛집 :: 데이트 분위기 좋은 살롱순라,https://blog.naver.com/seedstory/222272914102
2021-03-13,,https://blog.naver.com/omos_lab
2021-03-13,익선동 골목길에서,https://blog.naver.com/omos_lab/222274125687
2021-03-13,주말 갈만한곳 5곳 종로 먹자골목 익선동,https://blog.naver.com/junsnet/222273823035
2021-03-13,,https://blog.naver.com/sook7545
2021-03-13,"서울 야경 명소 북악스카이웨이 & 익선동 나들이와, 분위기는 좋았던 온천집 솔직 후기.",https://blog.naver.com/sook7545/222273662916
2021-03-14,,https://blog.naver.com/romantrip_official
2021-03-14,속초와 고성의 대표 수제맥주 마시며 즐기는 당일치기 여행 알딸딸 수제맥주여행 추천해요.,https://blog.naver.com/romantrip_official/222274879147
2021-03-15,,https://blog.naver.com/goldmonji2
2021-03-15,2021년 종로통 미디어친구 SNS 기자단 활동시작~(종로명소 및 가이드북 소개),https://blog.naver.com/goldmonji2/222276673352
2021-03-16,,https://blog.naver.com/88ksg88
2021-03-16,"종묘사직 이야기07, 종묘의 영녕전과 악공청(종묘제례)",https://blog.naver.com/88ksg88/222220358720
2021-03-17,,https://blog.naver.com/andmade_
2021-03-17,"[""2021 딜라이트 서울"" - 안녕 인사동 ] 일상탈출- 딜라이트서울 전시 후기!",https://blog.naver.com/andmade_/222279006147
2021-03-17,,https://blog.naver.com/gune1220
2021-03-17,낙원상가 드럼구입~~낙원상가 악기쇼핑! 낙원상가 주변관광지 100% 즐기기 드럼메이트 드럼전문 (구내악기),https://blog.naver.com/gune1220/222278877383
2021-03-17,,https://blog.naver.com/serase_trip
2021-03-17,"익선동 핫플 알찬 코스 - 호호식당, 청수당, 한옥거리",https://blog.naver.com/serase_trip/222278870541
2021-03-18,익선동 한옥거리 한옥카페 미담헌 푸근한 쉼,https://blog.naver.com/rush98y/222280037179
2021-03-18,제주도 성이시돌목장 우유부단과 새별오름 나홀로나무 (feat.사진맛집),https://blog.naver.com/oaasissya/222279482161
2021-03-19,,https://blog.naver.com/yss0660
2021-03-19,온라인 오프라인 이름잘짓는곳 양성호작명소♡,https://blog.naver.com/yss0660/222280453392
2021-03-20,,https://blog.naver.com/o__onica
2021-03-20,도산공원 카페 맘마미아 | 인스타그램 감성카페인데 디저트맛집,https://blog.naver.com/o__onica/222279004225
2021-03-22,,https://blog.naver.com/good4452
2021-03-22,新한국관광 100선...2021년은 자연관광? 문화관광?,https://blog.naver.com/good4452/222283966112
2021-03-22,,https://blog.naver.com/estate0304
2021-03-22,골목길 재생사업 서울 10개소 완료,https://blog.naver.com/estate0304/222283346251
2021-03-23,,https://blog.naver.com/zlzlwjdgk92
2021-03-23,종로 익선동 한옥 파스타 맛집,https://blog.naver.com/zlzlwjdgk92/222285313828
2021-03-23,,https://blog.naver.com/hsl5309
2021-03-23,"[국내여행] 전주 한옥마을 투어(한옥마을내 게하, 길거리아, 전망대카페,전주물짜장)",https://blog.naver.com/hsl5309/222284955515
2021-03-23,,https://blog.naver.com/iksuk
2021-03-23,일일편지. '봄이 오면 산에 들에 진달래 피네~ ♬'(종로 3가 익선동 갈매기살 골목 2017 .3.23),https://blog.naver.com/iksuk/222284489960
2021-03-24,,https://blog.naver.com/wltnr6839665
2021-03-24,전주 한옥마을 : 전주 여행코스 야경 가볼만한곳,https://blog.naver.com/wltnr6839665/222286494620
2021-03-24,,https://blog.naver.com/kkpzm
2021-03-24,에이든 국내여행 가이드북 꽃놀이 여행지까지!,https://blog.naver.com/kkpzm/222286121082
2021-03-24,,https://blog.naver.com/unesco114
2021-03-24,[3] 익선동 - 재개발 실패가 ‘레트로’ 전화위복,https://blog.naver.com/unesco114/222285739358
2021-03-25,4월 봄 정독도서관에서 벚꽃 개인화보.야외 개인스냅 촬영 photo by 한걸음씩,https://blog.naver.com/amazing1203/222287439590
2021-03-25,,https://blog.naver.com/sjin0823
2021-03-25,청주 촌사람의 서울구경‼️,https://blog.naver.com/sjin0823/222287076766
2021-03-25,,https://blog.naver.com/ppppaa0911
2021-03-25,"제5차 서울특별시 도시,건축공동위원회 개최결과",https://blog.naver.com/ppppaa0911/222286774987
2021-03-25,,https://blog.naver.com/ukee2540
2021-03-25,"봄여행지! 아이와 갈만한 곳 경주! (아들둘 경주여행 1일차, 경주놀거리, 황리단길 자전거,라한셀렉트경주)",https://blog.naver.com/ukee2540/222286521901
2021-03-26,,https://blog.naver.com/snf05072
2021-03-26,종로데이트로 반지공방에서 커플반지만들기,https://blog.naver.com/snf05072/222287700290
2021-03-26,,https://blog.naver.com/pje9501
2021-03-26,익선동 송암여관 분위기와 맛을 동시에 잡았어요! 데이트명소로도 굿굿!,https://blog.naver.com/pje9501/222287714458
2021-03-27,,https://blog.naver.com/blueskysam
2021-03-27,서울 투어 : 서울 북촌 한옥마을 + 익선동 뚜벅이체험,https://blog.naver.com/blueskysam/222289641427
2021-03-27,,https://blog.naver.com/ssongyoung_94
2021-03-27,"수원화성행궁 데이트 ) 행궁동카페거리 , 행궁애 , 정지영커피로스터즈 , 주차팁",https://blog.naver.com/ssongyoung_94/222289375616
2021-03-27,,https://blog.naver.com/1eeyubin
2021-03-27,서울비행,https://blog.naver.com/1eeyubin/222289254950
2021-03-28,광주여행 - 청춘 '발산마을' 이모저모,https://blog.naver.com/titoms20/222290184134
2021-03-29,,https://blog.naver.com/nobly_119
2021-03-29,[데이트장소] BTS와 유퀴즈도 다녀간 도심 속 한옥 명소,https://blog.naver.com/nobly_119/222291447449
2021-03-31,,https://blog.naver.com/wlsrud96117
2021-03-31,봄맞이하기,https://blog.naver.com/wlsrud96117/222294406439
2021-03-31,,https://blog.naver.com/tnals9861
2021-03-31,일상 ; 3월의 마지막날에 올리는 3월 중후반부 일상 (부제:나진짜과제하기싫은가봐),https://blog.naver.com/tnals9861/222294184694
2021-03-31,,https://blog.naver.com/qdc3210
2021-03-31,종로 익선동 분위기 좋은 카페: 티퍼런스 서울,https://blog.naver.com/qdc3210/222290841739
2021-03-31,,https://blog.naver.com/kkakkabbobbo
2021-03-31,익선동맛집 해피치즈스마일 익선점,https://blog.naver.com/kkakkabbobbo/222293671742
2021-03-31,서울 벚꽃 명소.정독 도서관 벚꽃 세라복.교복 개인화보.개인스냅 촬영 photo by 한걸음씩 스냅,https://blog.naver.com/amazing1203/222293600409
2021-03-31,,https://blog.naver.com/kyeoung729
2021-03-31,"[경주벚꽃/경주] 경주 벚꽃 여행, 경주 대릉원 벚꽃여행",https://blog.naver.com/kyeoung729/222293475388
2021-04-01,,https://blog.naver.com/ip9design
2021-04-01,익선동 맛집,https://blog.naver.com/ip9design/222294976879
2021-04-01,,https://blog.naver.com/pyh2910
2021-04-01,서울시 도시문제해결 시뮬레이션 '디지털 트윈 S-Map' 전국 최초 구축,https://blog.naver.com/pyh2910/222294788108
2021-04-02,,https://blog.naver.com/dudqlsalwjd0119
2021-04-02,서울 벚꽃명소로 추천하는 정독도서관,https://blog.naver.com/dudqlsalwjd0119/222296590775
2021-04-02,,https://blog.naver.com/dhkdskagml
2021-04-02,"[종로/익선동] 익선동 구경/놀거리_그분이오시다:토정비결,인생네컷+온천집,오타르 후기",https://blog.naver.com/dhkdskagml/222296238844
2021-04-02,,https://blog.naver.com/dy18429
2021-04-02,[기록] 2021년 3월,https://blog.naver.com/dy18429/222296228892
2021-04-03,,https://blog.naver.com/choikioh
2021-04-03,플랫폼 호텔의 탄생-호텔라와 [부동산 재생 사례],https://blog.naver.com/choikioh/222297294164
2021-04-03,(중국 상하이 / 텐즈팡 #2) 옛 프랑스 조계지의 골목길을 개발해 만들어진 예술의 거리. 상하이 텐즈팡 田子坊 Tianzifang,https://blog.naver.com/dickprod/222262715511
2021-04-03,,https://blog.naver.com/hlhome7
2021-04-03,"서울시, `디지털 트윈 S-Map` 구축",https://blog.naver.com/hlhome7/222296699031
2021-04-04,,https://blog.naver.com/yandjjackpot
2021-04-04,수원 방화수류정 야경 보면서 산책하기 좋네요,https://blog.naver.com/yandjjackpot/222296395586
2021-04-04,"인사동 가볼만한곳, 브루다인사동,웅녀의신전,경인미술관",https://blog.naver.com/blue0112/222297877914
2021-04-05,,https://blog.naver.com/countthestar
2021-04-05,3월 마지막 일기와 4월 첫번째 일기,https://blog.naver.com/countthestar/222299659014
2021-04-05,,https://blog.naver.com/jumpingspring
2021-04-05,종로익선동_오얏꽃/현대식한옥카페/사진찍기좋은데이트코스,https://blog.naver.com/jumpingspring/222299504064
2021-04-05,,https://blog.naver.com/minimiumiu
2021-04-05,죽기 전에 가봐야하는 수도권 인생명소사계절 데이트 장소 모음집⭐ #커플필독 #데이트장소,https://blog.naver.com/minimiumiu/222298960149
2021-04-06,,https://blog.naver.com/mkresearch
2021-04-06,"더현대, 성수동... 핫플레이스의 기준은 맛보다는 '이것'!",https://blog.naver.com/mkresearch/222293934848
2021-04-06,,https://blog.naver.com/audio_hifi
2021-04-06,익선동 나들이 익선취향 오므라이스,https://blog.naver.com/audio_hifi/222300417322
2021-04-06,,https://blog.naver.com/idailynews
2021-04-06,신선한 수제 맥주를 무제한 ... ‘실낙원’ 오픈 기념 ‘친구초대 이벤트’,https://blog.naver.com/idailynews/222300310069
2021-04-06,,https://blog.naver.com/juwon8112
2021-04-06,삼청동 가볼만한 곳 : 스모어마켓 몬스터 하우스(월트 디즈니 공식 스토어),https://blog.naver.com/juwon8112/222300083380
2021-04-07,,https://blog.naver.com/kitshmylife
2021-04-07,경복궁카페 시청역카페| 달달한 디저트가 있는 카페 풀오브파운드 | 경복궁역카페,https://blog.naver.com/kitshmylife/222301692553
2021-04-07,,https://blog.naver.com/seenedom
2021-04-07,종로 최대 규모 크래프트 브루펍 ‘실낙원’ 오픈 기념 ‘친구초대 이벤트’,https://blog.naver.com/seenedom/222301553048
2021-04-07,,https://blog.naver.com/mkswoo1012
2021-04-07,어디 살아요? 저 북촌 살아요(2020타경 105099),https://blog.naver.com/mkswoo1012/222301192084
2021-04-07,,https://blog.naver.com/parang_dori
2021-04-07,[안국데이트]익선동맛집 익선121 퓨전한식집 + 창덕궁 홍매화 봄산책 (주차정보),https://blog.naver.com/parang_dori/222301182137
2021-04-08,(중국 상하이 / 텐즈팡 #3) 옛 프랑스 조계지의 골목길을 개발해 만들어진 예술의 거리. 상하이 텐즈팡 田子坊 Tianzifang,https://blog.naver.com/dickprod/222268187477
2021-04-08,202004일상 - 단기 알바 시작 벚꽃놀이 포항,https://blog.naver.com/jjanguns25/222303357766
2021-04-09,,https://blog.naver.com/stryper76
2021-04-09,따뜻한 봄 걷기 좋은 종로의 길,https://blog.naver.com/stryper76/222304158484
2021-04-09,신사 청수당 갤러리｜어두울수록 더 예뻐지는 가로수길 카페,https://blog.naver.com/dnjstpdms24/222303874579
2021-04-09,,https://blog.naver.com/wulan328
2021-04-09,213,https://blog.naver.com/wulan328/222303508388
2021-04-10,,https://blog.naver.com/mini_s0n
2021-04-10,"일상 : 벚꽃놀이와 자소서, 이건 천국인가 지옥인가",https://blog.naver.com/mini_s0n/222305156136
2021-04-10,"경기도 수원 아쿠아리움, 볼거리와 놀거리가 가득한 아쿠아플라넷 광교",https://blog.naver.com/seaandsky87/222304835547
2021-04-10,,https://blog.naver.com/js8153129
2021-04-10,대학생은 처음이라,https://blog.naver.com/js8153129/222304721170
2021-04-12,,https://blog.naver.com/the-new-me
2021-04-12,"서울숲은 지금 5만송이 튤립과 사과꽃 만발, 봄꽃 명소가 따로 없네.",https://blog.naver.com/the-new-me/222307787309
2021-04-12,,https://blog.naver.com/pyw1327
2021-04-12,썸씽 코인 마지막주 up 8월 weekly wrap,https://blog.naver.com/pyw1327/222307586263
2021-04-12,,https://blog.naver.com/selimjjang24
2021-04-12,[광교] 광교에서 뭐하고 놀지? / 광교 갤러리아 / 청수당 / 아쿠아플라넷 / 씨네샵 / 광교호수공원 / 롱타임노씨,https://blog.naver.com/selimjjang24/222306685687
2021-04-13,,https://blog.naver.com/sosohhnn
2021-04-13,8_ TOMA,https://blog.naver.com/sosohhnn/222308621602
2021-04-13,,https://blog.naver.com/jyp_pupa
2021-04-13,을지로 와인바 '오트렉' | 모든 음식에 진심인 곳 | 서울 데이트 장소 추천,https://blog.naver.com/jyp_pupa/222308375196
2021-04-13,,https://blog.naver.com/water_water_sleep
2021-04-13,[익선동/일본 온천장처럼 꾸며놓은 재미있고 색다른 샤브샤브 집] 온천집,https://blog.naver.com/water_water_sleep/222307993086
2021-04-13,,https://blog.naver.com/hyein4472
2021-04-13,에일당 .익선동 수제맥주집 .한옥펍.피쉬앤칩스 .익선동핫플레이스,https://blog.naver.com/hyein4472/222307927277
2021-04-14,,https://blog.naver.com/illudere
2021-04-14,익선동놀거리 특별한 곳 찾는다면 등선재 데이트코스로도 좋아요.,https://blog.naver.com/illudere/222309600598
2021-04-14,,https://blog.naver.com/hear_story
2021-04-14,서울 가볼만한 곳 / 인사동 투어 / 인사동 오디오 투어,https://blog.naver.com/hear_story/222309488950
2021-04-14,,https://blog.naver.com/yallalim
2021-04-14,[이스라엘출장]201810_올드 자파Old Jaffa_욥바,https://blog.naver.com/yallalim/222309225536
2021-04-15,,https://blog.naver.com/dlwlrma2218
2021-04-15,다다 호텔 인사동 (종로 서울),https://blog.naver.com/dlwlrma2218/222310433495
2021-04-16,,https://blog.naver.com/do_d0_do
2021-04-16,"익선동 나들이: 크래프트 루트-피자 생맥주, 아담집-감바스 하이볼",https://blog.naver.com/do_d0_do/222312150192
2021-04-16,,https://blog.naver.com/bookwander
2021-04-16,'익선동 골목길' 아기자기 깨끗하고 예뻐진 비결,https://blog.naver.com/bookwander/222312106328
2021-04-17,한옥 익선동카페 힐링되는 드로잉카페 블란서미술관 그림그리며 힐링하기,https://blog.naver.com/suecria/222313629613
2021-04-18,,https://blog.naver.com/kimji-world
2021-04-18,익선동 커피빈,https://blog.naver.com/kimji-world/222314372210
2021-04-19,,https://blog.naver.com/gayeon0811
2021-04-19,서울 인사동 전시회 - 2021 딜라이트 서울,https://blog.naver.com/gayeon0811/222315711617
2021-04-19,,https://blog.naver.com/sosa_logis
2021-04-19,쥬-시늬우스_210419_영천와인리뉴얼,https://blog.naver.com/sosa_logis/222315562061
2021-04-19,,https://blog.naver.com/oliviadoremi
2021-04-19,"새해, 익선동 온천집, 펠앤콜 에그녹, 폭설, 10만전자 케이크, 샹끄발레르, 유하나케이크, 팡요",https://blog.naver.com/oliviadoremi/222315556300
2021-04-19,잠시 쉬어 가기 좋은 종로의 벤치,https://blog.naver.com/stryper76/222315373902
2021-04-19,"우쓰라, 안두릴과 함께하는 하나투어 서울 골목촬영여행(2021.4.24(토)부터 5.16(일)까지 매주 토,일 총 8회)",https://blog.naver.com/ichufs/222315308571
2021-04-19,,https://blog.naver.com/judangnom1
2021-04-19,경주 황리단길 주차장 황남동 골목길 맛집 무료 주차 운세(ft.돌담길 한복대여 가격),https://blog.naver.com/judangnom1/222315010061
2021-04-21,,https://blog.naver.com/cucu2745
2021-04-21,210301 익선동,https://blog.naver.com/cucu2745/222318429507
2021-04-21,,https://blog.naver.com/acindyd2p3
2021-04-21,"스마트 통돌이 회전걸레 회전청소기 물걸레, [정품_스마트 통돌이_화이트^] 똑똑하게 고르는 방법",https://blog.naver.com/acindyd2p3/222317638312
2021-04-22,,https://blog.naver.com/tjffldk
2021-04-22,어서와 한국은처음이지 광장시장 넷플릭스 만두국 치킨집 마늘치킨 프랑스 레미제라블 떼오 블란 종로 실탄 사격장 188회 어서와 한국은처음이지 한옥 카페 디저트 팥빙수...,https://blog.naver.com/tjffldk/222319412583
2021-04-22,,https://blog.naver.com/cwmylee
2021-04-22,어서와 한국은 처음이지 블란 떼오 알렉스 한국 치킨 먹은곳 위치 주소 바닐라향 치킨 맛집 후라이드치킨 광장시장 주소 레미제라블 뮤지컬 배우 3인방 촬영지 숙소 호텔 청계천,https://blog.naver.com/cwmylee/222319358962
2021-04-22,,https://blog.naver.com/yama1s
2021-04-22,내가 다녀온 한국관광 100선 국내여행지 15곳,https://blog.naver.com/yama1s/222318989042
2021-04-22,이비스 앰배서더 서울 인사동 호텔 (종로 서울),https://blog.naver.com/dlwlrma2218/222318908985
2021-04-22,,https://blog.naver.com/duarudtnr12
2021-04-22,"경주 - 보문뜰, 훌림목, 시즈닝, 동궁과 월지",https://blog.naver.com/duarudtnr12/222318042229
2021-04-22,,https://blog.naver.com/leecheayeop
2021-04-22,익선동 스콘맛집 익선동 카페 추천 라미스콘익선 익선동 디저트카페,https://blog.naver.com/leecheayeop/222318623843
2021-04-25,,https://blog.naver.com/easternfleet
2021-04-25,다양성과 연결 [미국 대도시의 죽음과 삶-제인 제이콥스],https://blog.naver.com/easternfleet/222322908896
2021-04-25,,https://blog.naver.com/govlqksrk
2021-04-25,"[서울 여행] 스프링포니, 창경궁 산책, 익선동 파스타 맛집",https://blog.naver.com/govlqksrk/222322508955
2021-04-25,,https://blog.naver.com/tkdtkdgns1
2021-04-25,익선동 청수당 분위기 좋은 예쁜 카페,https://blog.naver.com/tkdtkdgns1/222321970823
2021-04-25,,https://blog.naver.com/jung16800
2021-04-25,익선동 3대 명소라는 송암여관에 다녀왔다,https://blog.naver.com/jung16800/222321960759
2021-04-26,,https://blog.naver.com/thdtydvk
2021-04-26,"서울여행 꼭 가봐야 할 핫플 종로 ""익선동 한옥거리""",https://blog.naver.com/thdtydvk/222323406936
2021-04-26,,https://blog.naver.com/120seoulcall
2021-04-26,서울을 360도 꽉~ 담았다! 추천 VR 동영상 3편,https://blog.naver.com/120seoulcall/222323342905
2021-04-28,익선동 한옥거리 봄나들이,https://blog.naver.com/pcn1970/222325929533
2021-04-30,,https://blog.naver.com/nachahaver3
2021-04-30,일상기록 #4월. belated birthday memories,https://blog.naver.com/nachahaver3/222329192563
2021-04-30,과거와 현대가 공존하는 해방촌 신흥시장,https://blog.naver.com/knockya/222328443145
2021-05-01,,https://blog.naver.com/mayq8318
2021-05-01,익선한옥거리,https://blog.naver.com/mayq8318/222331673305
2021-05-01,,https://blog.naver.com/ujini77
2021-05-01,*북촌한옥마을부터 경복궁 그리고 청와대 먼 발치에서*,https://blog.naver.com/ujini77/222329642026
2021-05-02,,https://blog.naver.com/fromage
2021-05-02,"삼청공원 둘레길, 와룡공원, 가벼운 산행과 책, 데이트 코스",https://blog.naver.com/fromage/222333681391
2021-05-02,,https://blog.naver.com/ku_loud
2021-05-02,"수학여행보다 강행군으로 (1) :: 여행, 대릉원, 황리단길, 첨성대, 보문호수, 경주, 경상북도",https://blog.naver.com/ku_loud/222333084501
2021-05-03,,https://blog.naver.com/elqpdltm48
2021-05-03,익선동핫플 존예 장미맛집 살롱순라,https://blog.naver.com/elqpdltm48/222336392431
2021-05-03,제주 사진놀이터 실내관광지 꺄~,https://blog.naver.com/chahyang88/222336167392
2021-05-03,,https://blog.naver.com/hopehy2012
2021-05-03,[오늘일기] D+3 4월에 다녀온 서울 풍경 맛집(정독도서관/남산타워/조계사),https://blog.naver.com/hopehy2012/222336152679
2021-05-03,,https://blog.naver.com/koptic
2021-05-03,"종로 익선동 분위기 좋은 찻집 - ""뜰안""을 소개 합니다.",https://blog.naver.com/koptic/222336079947
2021-05-03,5월 연휴 가볼만한곳 수원 아쿠아리움 아쿠아플라넷 광교 투명보트 체험 & 주차팁,https://blog.naver.com/sarangmom11/222335845989
2021-05-03,,https://blog.naver.com/yb_tour
2021-05-03,"서울맛집 추천,익선동맛집,성수동카페거리, 서울 가볼 만한 곳, 서울여행 팁!노랑풍선시티버스",https://blog.naver.com/yb_tour/222335152036
2021-05-03,,https://blog.naver.com/lilumining
2021-05-03,4월의 순간들 모음집인디,https://blog.naver.com/lilumining/222335065723
2021-05-04,,https://blog.naver.com/somi7830
2021-05-04,부산여행 : 감천문화마을 뚜벅이로 가본 솔직후기,https://blog.naver.com/somi7830/222337250750
2021-05-04,,https://blog.naver.com/dmswnl1009
2021-05-04,"서울쇼핑 핫플 더현대서울 , 더현대서울주차 , 더현대서울맛집 마츠노하나 후기",https://blog.naver.com/dmswnl1009/222336722580
2021-05-05,,https://blog.naver.com/janghg57
2021-05-05,[야외 데이트 코스 추천] 산책 데이트 코스 추천!!! (feat. 10곳 비교),https://blog.naver.com/janghg57/222336968309
2021-05-06,,https://blog.naver.com/maron9828
2021-05-06,하트 시그널 프렌즈 수학여행- 싱그러운 경주 투어,https://blog.naver.com/maron9828/222340258831
2021-05-06,,https://blog.naver.com/idsun51
2021-05-06,개화기 의상대여 익선의상실 경성의복 이색데이트,https://blog.naver.com/idsun51/222339479071
2021-05-07,,https://blog.naver.com/shinminju625
2021-05-07,익선동 핫플 카페 데이트 코스 <카페 하이웨스트 익선점>,https://blog.naver.com/shinminju625/222341887989
2021-05-08,새로운 것둘 !,https://blog.naver.com/wlsrud96117/222342744014
2021-05-09,,https://blog.naver.com/libro888
2021-05-09,"(일제에 맞서 북촌 한옥마을을 만든) 건축왕 정세권 - 글 이규희, 그림 최현묵.",https://blog.naver.com/libro888/222344282133
2021-05-09,,https://blog.naver.com/ha_zero0
2021-05-09,"[종로/익선동 사진관] 우정 사진, 커플 사진, 프로필 사진 스튜디오 :: 종로에서 담은 사진 (종담사) 후기",https://blog.naver.com/ha_zero0/222344212205
2021-05-09,,https://blog.naver.com/logan_life
2021-05-09,이비스 앰배서더 인사동 주변 산책 - 북악산,https://blog.naver.com/logan_life/222344127536
2021-05-10,,https://blog.naver.com/deb0817
2021-05-10,"청라 카페투어 1탄 : 디저트카페 ""백금당"" 수플레 팬케이크 존맛집 ><",https://blog.naver.com/deb0817/222345197095
2021-05-10,,https://blog.naver.com/magazinegunsan
2021-05-10,[매거진군산] 2021년 5월호 : 군산시상권활성화재단/르네상스사업단,https://blog.naver.com/magazinegunsan/222345195229
2021-05-10,"[전시일정] 2021년 5월, 북촌, 삼청동 화랑가와 미술관 중심으로",https://blog.naver.com/fromage/222345189139
2021-05-10,,https://blog.naver.com/lssu59
2021-05-10,"""益善洞"" 골목길을 걷다.",https://blog.naver.com/lssu59/222344648887
2021-05-11,,https://blog.naver.com/sunpower621
2021-05-11,"익선동 온천집 웨이팅 팁, 북해도식 얼큰 샤브/ 트러플 튀김덮밥",https://blog.naver.com/sunpower621/222347163633
2021-05-11,,https://blog.naver.com/jhghkdlxld
2021-05-11,"청수당_서울 익선동_인생샷 남기러 가는 디저트 카페, 분위기에 커피맛은 덤",https://blog.naver.com/jhghkdlxld/222347117387
2021-05-11,서울데이트 코스 추천 삼청동 토이하우스 실내데이트로도 딱이야,https://blog.naver.com/bosul101/222345890169
2021-05-13,[성수 가볼만한곳]Best3 뚝섬한강공원부터 성수동카페거리 서울숲까지 탐방,https://blog.naver.com/kmvine25/222349469434
2021-05-14,,https://blog.naver.com/uninima
2021-05-14,"뚜벅이는 서울이 좋아, 데이트",https://blog.naver.com/uninima/222350862513
2021-05-15,"중국 칭다오맛집, 깔끔한 대학로 한식밥집_건강집밥(健康家饭)",https://blog.naver.com/barasun/222352404440
2021-05-15,서울 가볼만한곳 추천 청운문학도서관 폭포뷰 꿀팁,https://blog.naver.com/supia2728/222352336627
2021-05-17,"5월,6월에 서울 가볼만한곳 베스트10 데이트코스 나들이 명소 추천",https://blog.naver.com/ping746/222355178971
2021-05-17,,https://blog.naver.com/oboetree
2021-05-17,"내가 느낀 바르셀로나, spiritual mapping",https://blog.naver.com/oboetree/222354681337
2021-05-17,,https://blog.naver.com/lanatu
2021-05-17,2021~22 #한국관광_100선 - 11. 익선동 한옥거리,https://blog.naver.com/lanatu/222354431832
2021-05-17,,https://blog.naver.com/jinjoo_1125
2021-05-17,익선동브런치 숨은 맛집 스프링포니,https://blog.naver.com/jinjoo_1125/222353010827
2021-05-17,,https://blog.naver.com/monto8703
2021-05-17,서울오면 남산타워는 필수코스지!{{N서울타워}},https://blog.naver.com/monto8703/222353796609
2021-05-18,,https://blog.naver.com/marchella_su
2021-05-18,[투데이T]정세권 선생이 살아 숨쉬는 익선동 한옥마을,https://blog.naver.com/marchella_su/222355988333
2021-05-18,,https://blog.naver.com/chk8602
2021-05-18,종로 익선동 골목,https://blog.naver.com/chk8602/222355447397
2021-05-19,,https://blog.naver.com/hoojee1
2021-05-19,대한민국 맥주 산업 박람회 코엑스 (feat. 속초 맥주 ),https://blog.naver.com/hoojee1/222357556259
2021-05-20,,https://blog.naver.com/jiyoung0009
2021-05-20,"내돈내산 종로 [익선동 온천집] 온천집 익선 분위기좋은 샤브샤브 맛집, 웨이팅부터 사진스팟 후기",https://blog.naver.com/jiyoung0009/222358817739
2021-05-21,명동 루프탑 호텔 호텔미드시티명동 서울 호캉스 추천,https://blog.naver.com/minki0070/222360320751
2021-05-21,,https://blog.naver.com/stnakwon
2021-05-21,서울데이트코스 종로가볼만한곳 익선동으로,https://blog.naver.com/stnakwon/222358859366
2021-05-21,,https://blog.naver.com/2008jsl
2021-05-21,돈화문로 주변 한옥,https://blog.naver.com/2008jsl/222359633620
2021-05-22,"한양도성 순성길, ② 와룡공원에서, 혜화문, 낙산으로",https://blog.naver.com/fromage/222361845822
2021-05-23,,https://blog.naver.com/helphelpsos
2021-05-23,익선동테라스 / 익선동소개팅 추천명소 :: 사랑이 솟아나는 이층양옥,https://blog.naver.com/helphelpsos/222363170854
2021-05-23,,https://blog.naver.com/wjm223
2021-05-23,종로3가역 익선동 추천 코스 : 오죽이네 - 인생네컷 -마당공간,https://blog.naver.com/wjm223/222362666194
2021-05-24,종로 익선동 데이트 핫플 그리고 서울에서의 인스타감성 사진명소,https://blog.naver.com/jiyoung0009/222364868655
2021-05-24,,https://blog.naver.com/rladbswl0307
2021-05-24,빙수,https://blog.naver.com/rladbswl0307/222364608743
2021-05-24,,https://blog.naver.com/jjs3000
2021-05-24,5/22(토) 수락산 정상에서 랜드프로 깃발을 휘날리다,https://blog.naver.com/jjs3000/222363662456
2021-05-24,,https://blog.naver.com/brighttree_
2021-05-24,[일기] 너무 예뻤던 한강과 우리들,https://blog.naver.com/brighttree_/222363406584
2021-05-25,,https://blog.naver.com/goldentreeconsulting
2021-05-25,"호텔업계, 호캉스와 피크닉을 한번에 즐길 수 있는 '피크닉 패키지' 출시",https://blog.naver.com/goldentreeconsulting/222356467370
2021-05-25,,https://blog.naver.com/leeeng2002
2021-05-25,[대학생의 일상] 익선동 놀거리 / 익선동 가볼만한곳/ 서울 가볼만한곳 /서울 놀거리 추천,https://blog.naver.com/leeeng2002/222365899916
2021-05-25,,https://blog.naver.com/kyh31870
2021-05-25,서울의 명소 종로3가 갈매기살 골목과 낙원동 아구찜 골목,https://blog.naver.com/kyh31870/222365892930
2021-05-25,,https://blog.naver.com/snowrosemary
2021-05-25,익선동 한옥거리,https://blog.naver.com/snowrosemary/222365358308
2021-05-26,,https://blog.naver.com/dlscltjs
2021-05-26,6월에 걷기 좋은 길,https://blog.naver.com/dlscltjs/222368240362
2021-05-26,,https://blog.naver.com/glassbaekseo
2021-05-26,"익선동 한옥거리 다녀온 후기, 플라워 카페 <마당>에서 디저트 일품 <프앙디>까지!",https://blog.naver.com/glassbaekseo/222360861095
2021-05-27,,https://blog.naver.com/erelifecompany
2021-05-27,서울 종로 이비스 앰배서더 인사동 호텔,https://blog.naver.com/erelifecompany/222368240016
2021-05-27,,https://blog.naver.com/seojuim0711
2021-05-27,종로3가 서순라길 출사/ 감성 사진은 스페이스42 포토스팟에서!(1탄),https://blog.naver.com/seojuim0711/222370186040
2021-05-27,,https://blog.naver.com/sparkling11
2021-05-27,종로3가 익선동 분위기 좋은 데이트/모임 장소 추천! 실낙원(수제맥주&버거),https://blog.naver.com/sparkling11/222370041020
2021-05-29,서울가볼만한곳 | 서울절 여래사 청학사 길상사 조계사 탐방 비교,https://blog.naver.com/kitshmylife/222370311085
2021-05-31,"실낙원_서울 종로_익선동 핫플레이스, 데이트코스로 급부상한 수제맥주 맛집",https://blog.naver.com/jhghkdlxld/222375662568
2021-06-01,,https://blog.naver.com/smiie_mi089
2021-06-01,익선동맛집 간만에 발견한 인생 명소:D,https://blog.naver.com/smiie_mi089/222378307944
2021-06-02,,https://blog.naver.com/ceetay
2021-06-02,종로 더 넥스트 오피스텔 최신 공급 정보,https://blog.naver.com/ceetay/222381755676
2021-06-02,,https://blog.naver.com/goldduckworld
2021-06-02,"[익선동] 반기다, 데이트 코스♥",https://blog.naver.com/goldduckworld/222380771460
2021-06-02,,https://blog.naver.com/rhdwhs79
2021-06-02,이끌렸던 익선동 술집 데이트,https://blog.naver.com/rhdwhs79/222379969575
2021-06-04,,https://blog.naver.com/jezzang0417
2021-06-04,종로 인사동 핫플 ‘웅녀의신전’ 이색적인 동굴카페,https://blog.naver.com/jezzang0417/222384073043
2021-06-04,서울가볼만한곳 익선동 힐링 데이트코스 드로잉카페 블란서미술관,https://blog.naver.com/ping746/222383801711
2021-06-05,서귀포 카페 감따남 새로 오픈했어요,https://blog.naver.com/dmschd2578/222386130408
2021-06-06,을지로 대림상가 가는길 주차장,https://blog.naver.com/opag0322/222387661570
2021-06-06,,https://blog.naver.com/alflso4353
2021-06-06,"21.06.05 삼청동, 인사동, 명동 행군이가 나들이인가 (feat. 깡통만두, 서울서둘째로잘하는집, 풍년쌀농산, 명동 신세계떡볶이)",https://blog.naver.com/alflso4353/222387381504
2021-06-06,,https://blog.naver.com/hu3406
2021-06-06,예쁜 거 많이 봤던 날,https://blog.naver.com/hu3406/222386582464
2021-06-07,,https://blog.naver.com/djsmxj
2021-06-07,"경주여행] 대릉원, 황리단길, 첨성대, 동궁과월지 포토존을 찾아봐요!",https://blog.naver.com/djsmxj/222387705529
2021-06-08,,https://blog.naver.com/chlwlstjd10
2021-06-08,"경주여행 - 불국사, 안압지, 월정교, 대릉원, 보문정, 박물관",https://blog.naver.com/chlwlstjd10/222389904309
2021-06-09,,https://blog.naver.com/jea6632
2021-06-09,세운 푸르지오 그래비티 홈즈컴퍼니 위탁 운영,https://blog.naver.com/jea6632/222391257811
2021-06-10,,https://blog.naver.com/leeky720
2021-06-10,"익선동핫플 한옥거리맛집, 1인 된장샤브샤브 온천집에 생일에 다녀왔어요.",https://blog.naver.com/leeky720/222393280961
2021-06-10,부암동 고즈넉한 무계원 서울 한옥나들이 장소 추천(6월 전시 소개),https://blog.naver.com/goldmonji2/222391925710
2021-06-10,"전주의 추억 속을 걷다. 경성의복과 경기전옆 사진관, 한옥마을 한복집",https://blog.naver.com/bingnews/222391759879
2021-06-11,,https://blog.naver.com/tlswlgns8888
2021-06-11,종로 주말 데이트 : 인사동에서 익선동으로 이어지는 코스,https://blog.naver.com/tlswlgns8888/222394568346
2021-06-11,,https://blog.naver.com/sauruskim000
2021-06-11,"앙리 르페브르의 질문, 공간은 재생산 할 수 있는가?",https://blog.naver.com/sauruskim000/222394294798
2021-06-11,서울 나들이 장소별 체험 코스까지 9곳 완벽 정리,https://blog.naver.com/seouldatepop/222393724457
2021-06-11,,https://blog.naver.com/lsuk5538
2021-06-11,"서촌 한옥 단독주택의 매력에 푹 빠진 고객과 7시간 데이트 하던 날, 종로부동산이야기",https://blog.naver.com/lsuk5538/222393653599
2021-06-12,,https://blog.naver.com/guriooung
2021-06-12,익선동 [청수당]에서 말차우유와 딸기 프로마쥬 케이크! 내돈내산 솔직 리뷰!,https://blog.naver.com/guriooung/222394449806
2021-06-12,,https://blog.naver.com/alswjd130325
2021-06-12,종로 익선동 맛집 추천 프랑스레스토랑 빠리가옥,https://blog.naver.com/alswjd130325/222395540286
2021-06-13,,https://blog.naver.com/cine212722
2021-06-13,문래동 젊은 문화거리 : 제 2의 익선동을 꿈꾸나?,https://blog.naver.com/cine212722/222396695357
2021-06-13,,https://blog.naver.com/hyonam2
2021-06-13,서울여행,https://blog.naver.com/hyonam2/222396604599
2021-06-13,메이커스 호텔 (종로 서울),https://blog.naver.com/dlwlrma2218/222395984347
2021-06-13,,https://blog.naver.com/agnes1845
2021-06-13,[산책기록] 송리단길,https://blog.naver.com/agnes1845/222395928738
2021-06-14,,https://blog.naver.com/minigun86
2021-06-14,"종로3가~안국 익선동한옥거리. 관광명소 및 데이트 코스, 카페 구경~!",https://blog.naver.com/minigun86/222398346199
2021-06-14,,https://blog.naver.com/moment_collector
2021-06-14,[서울여행] 서울사람인데 N서울타워전망대 처음 가본 이야기,https://blog.naver.com/moment_collector/222398267103
2021-06-14,,https://blog.naver.com/sindsbike
2021-06-14,[관광라이딩] #1 경기도 수원 화성에 가보자.,https://blog.naver.com/sindsbike/222397381966
2021-06-16,,https://blog.naver.com/shinsisters2021
2021-06-16,한옥뷰 테라스 분위기 좋은 맛집 _ [서울 익선동 데이트 코스 추천] 이층양옥 메뉴 및 가격,https://blog.naver.com/shinsisters2021/222399970749
2021-06-17,,https://blog.naver.com/wjdgus4075
2021-06-17,혼자 바다 보러 떠난 포항 당일치기 여행,https://blog.naver.com/wjdgus4075/222401296892
2021-06-17,,https://blog.naver.com/kangyeou
2021-06-17,한국 > 한국관광 100선,https://blog.naver.com/kangyeou/222401141618
2021-06-17,,https://blog.naver.com/btg7736
2021-06-17,그분이오시다 운세뽑기 체험장,https://blog.naver.com/btg7736/222400791776
2021-06-18,,https://blog.naver.com/rhkscjdro
2021-06-18,2021~2022년 문화체육관광부와 한국관광공사가 엄선한 한국관광 100선 선정,https://blog.naver.com/rhkscjdro/222402513673
2021-06-19,,https://blog.naver.com/fufucoke
2021-06-19,익선동에서 맥주 먹기좋은 곳 에일당...종로 제이엔제이 볼링장...종로3가 부산회집 생우럭 미역지리까지...,https://blog.naver.com/fufucoke/222403597137
2021-06-19,,https://blog.naver.com/ppuccu86
2021-06-19,건강한맛 비건식 익선동 워터밀 익선동데이트코스추천,https://blog.naver.com/ppuccu86/222403228111
2021-06-19,,https://blog.naver.com/rlagkdms506
2021-06-19,4월,https://blog.naver.com/rlagkdms506/222403076430
2021-06-19,,https://blog.naver.com/zepel
2021-06-19,종로 더넥스트 다세권 오피스텔,https://blog.naver.com/zepel/222402759034
2021-06-20,,https://blog.naver.com/mariabok
2021-06-20,코로나 이겨낸 대박집…'장사의 신' 그들은 5가지가 달랐다,https://blog.naver.com/mariabok/222404321229
2021-06-20,,https://blog.naver.com/pothants12
2021-06-20,"[서울여행/데이트 코스] 예쁜 곳 편하고 알차게 돌아다니기 (북촌한옥거리, 소금집 안국, 청수당, 카페온화, 스벅웨이브아트, 가로수길 삼삼이네, 체리퀴리, 오복수산)",https://blog.naver.com/pothants12/222403645143
2021-06-21,,https://blog.naver.com/kormento21
2021-06-21,일본 온천여행 추억 소환하자 월매출 2억,https://blog.naver.com/kormento21/222405692003
2021-06-21,,https://blog.naver.com/malname32
2021-06-21,코로나19를 이겨내고 대박집 '장사의 신'들은 달랐다,https://blog.naver.com/malname32/222404481232
2021-06-22,서민갑부 유정수 글로우서울 익선동 한옥마을 공간 기획자 촬영지 위치 주소 인테리어 비용 견적 얼마일까? 호텔 커피숍 샵 구경하기,https://blog.naver.com/cwmylee/222406625374
2021-06-22,,https://blog.naver.com/topstarnews
2021-06-22,"'서민갑부' 공간 기획자 유정수, 익선동 맛집-카페 핫플레이스 만든 장본인",https://blog.naver.com/topstarnews/223722593880
2021-06-22,,https://blog.naver.com/lovely-kms
2021-06-22,종로 익선동 출사...,https://blog.naver.com/lovely-kms/222405783411
2021-06-23,,https://blog.naver.com/slipur
2021-06-23,서민갑부 공간기획 익선동 청수당 유정수 글로우서울 온천집익선 살라댕방콕 워터밀 익동정육점 위치,https://blog.naver.com/slipur/222407693274
2021-06-23,,https://blog.naver.com/kkt9423
2021-06-23,2021.06.21(월) - 오늘은 별다른 내용이 없다,https://blog.naver.com/kkt9423/222406975585
2021-06-24,홍대 놀거리 여행 청춘 기록 노점에 대한 고찰,https://blog.naver.com/opag0322/222408258677
2021-06-25,,https://blog.naver.com/qgcuhefe13973p
2021-06-25,"가볍게 즐기는 한 잔, 전국 감액 맛집 BEST",https://blog.naver.com/qgcuhefe13973p/222410056169
2021-06-26,피터캣호텔 인사동 (종로 서울),https://blog.naver.com/dlwlrma2218/222411189934
2021-06-27,,https://blog.naver.com/dany_mohani
2021-06-27,6월달의 서울여행기 1 (익선동 탐험),https://blog.naver.com/dany_mohani/222412059430
2021-06-27,,https://blog.naver.com/sea5451
2021-06-27,서울 인사동 호텔썬비 다녀왔어요,https://blog.naver.com/sea5451/222412052071
2021-06-27,,https://blog.naver.com/94_kkliliy
2021-06-27,[Kklily의 대한민국 구석구석 여행 영상 26] 경주 핫플&맛집 총 집합 편 l 경주의 숙소와 맛집들 다 여기여기 모여라 ~~~!_1편 맛집편,https://blog.naver.com/94_kkliliy/222411948698
2021-06-28,,https://blog.naver.com/maldok
2021-06-28,더스테이클래식 명동 생활형숙박시설 모델하우스 정보안내,https://blog.naver.com/maldok/222412868086
2021-06-29,,https://blog.naver.com/1117orilgsh
2021-06-29,나혼자 몰랐던 감성명소 익선동 식당,https://blog.naver.com/1117orilgsh/222413788613
2021-06-29,,https://blog.naver.com/law2033
2021-06-29,MBN 서민갑부 유정수대표 KB 국민은행 이동진 멋진 친구가 방송 내용을 알려주었습니다.2021.6.28(월),https://blog.naver.com/law2033/222413673464
2021-06-30,시티 파크 호텔 (종로 서울),https://blog.naver.com/dlwlrma2218/222414934771
2021-06-30,,https://blog.naver.com/chlee12222
2021-06-30,영종도 바다뷰 카페 - 카페온화,https://blog.naver.com/chlee12222/222414916241
2021-07-04,,https://blog.naver.com/pinkalbero
2021-07-04,장사의 신. 코로나에서도 살아남는 요식업 비결. 한국경제신문 기사 요약.,https://blog.naver.com/pinkalbero/222419923688
2021-07-04,,https://blog.naver.com/what76
2021-07-04,"초여름인데, 새벽에 눈이 내린 것 같아요.",https://blog.naver.com/what76/222419907539
2021-07-05,,https://blog.naver.com/bklight
2021-07-05,(본문에 이전 삽입 완료함)<2021년 6월 TV 방송에 소개된 맛집 정보모음으로 본문에 삽입시킬 목록>,https://blog.naver.com/bklight/222420618004
2021-07-06,인사동 아이들과 데이트코스 서울 주말나들이로 좋아요,https://blog.naver.com/aehee2020/222421438997
2021-07-06,종로 구석구석 갈만한곳,https://blog.naver.com/opag0322/222422280264
2021-07-06,,https://blog.naver.com/kang8440
2021-07-06,굿모닝! 트렌드? (7월 6일),https://blog.naver.com/kang8440/222421795364
2021-07-06,,https://blog.naver.com/thankyou85
2021-07-06,"남양주 팔당드라이브코스 한옥에서 Pizza 온고재 피자, 파스타 점심 후기",https://blog.naver.com/thankyou85/222421648633
2021-07-07,,https://blog.naver.com/yjlee0225
2021-07-07,서촌 4월 나들이,https://blog.naver.com/yjlee0225/222423032775
2021-07-07,"서울 서촌 나들이 코스 수성동계곡, 통인시장 주말데이트 가볼만한곳",https://blog.naver.com/hjk8427_/222422972338
2021-07-08,,https://blog.naver.com/kkoma1704
2021-07-08,옹골찼던 익선동 맛집 모음,https://blog.naver.com/kkoma1704/222424387362
2021-07-10,,https://blog.naver.com/suji4431
2021-07-10,촉촉한 둘레길이 있는 종로구의 명물 딜라이브 인터넷 과 전용 유선 케이블TV 쉽게 만나셔요~,https://blog.naver.com/suji4431/222426271570
2021-07-11,,https://blog.naver.com/asancriti
2021-07-11,부암동의 명소로 자리잡은 무계원에서 봉산탈춤 강습하다,https://blog.naver.com/asancriti/222427790081
2021-07-11,,https://blog.naver.com/hjjkim29
2021-07-11,코로나이후 최고의 수익형부동산 생활형숙박시설 더스테이클래식명동,https://blog.naver.com/hjjkim29/222427728865
2021-07-12,,https://blog.naver.com/mokaninn
2021-07-12,전통 돌잔치 미담헌 제이피스타일 후기,https://blog.naver.com/mokaninn/222428615857
2021-07-12,,https://blog.naver.com/kingkong8686
2021-07-12,전국 길(둘레길) 관광정보 현황(서울특별시),https://blog.naver.com/kingkong8686/222428475648
2021-07-12,,https://blog.naver.com/pyw1458
2021-07-12,익선동 - 핫플,https://blog.naver.com/pyw1458/222428227713
2021-07-13,,https://blog.naver.com/moment1002
2021-07-13,"자매 경주 여행 (감포 할매횟집, 쇠전뭉티기, 슬로우캘리, 나이팟타이)",https://blog.naver.com/moment1002/222430393118
2021-07-13,종로 익선동 놀거리 및 한옥거리 야외식당 가볼만한곳,https://blog.naver.com/totoro122425/222430387274
2021-07-13,,https://blog.naver.com/loyqu
2021-07-13,"먹고, 보고, 즐기고 황홀한 대만 '타이베이' 가볼만한 곳LIST",https://blog.naver.com/loyqu/223754832522
2021-07-16,,https://blog.naver.com/xia0408
2021-07-16,"수고했어, 오늘도♬ 토닥토닥 힐링 경주 여행기",https://blog.naver.com/xia0408/222434235745
2021-07-19,,https://blog.naver.com/osy1130530
2021-07-19,[쉰둘] 고대앞마을,https://blog.naver.com/osy1130530/222437714102
2021-07-19,,https://blog.naver.com/ympro79
2021-07-19,"[국내여행] 아이와 호캉스 하기 좋은, 서울 키즈 호텔 베스트 4",https://blog.naver.com/ympro79/222437536650
2021-07-19,,https://blog.naver.com/0750155
2021-07-19,"2021년도 상반기 결산 (1) | 1월부터 3월까지, 서울에서 대전까지",https://blog.naver.com/0750155/222437130933
2021-07-21,,https://blog.naver.com/7sujinpark
2021-07-21,#데이트장소 추천 #익선동 프랑스가정식 르블란서 그리고 디저트카페 청수당,https://blog.naver.com/7sujinpark/222439777162
2021-07-22,,https://blog.naver.com/seoroangotravel
2021-07-22,(태국 치앙마이 여행) 전체 예고편 ③-개성적인 특유의 도시 매력 탐방 '한 달 살기 열풍의 주인공'!,https://blog.naver.com/seoroangotravel/222441179697
2021-07-22,,https://blog.naver.com/wonysoap
2021-07-22,여행맞춤 수도권 2박3일 여행지 소개,https://blog.naver.com/wonysoap/222440081271
2021-07-23,,https://blog.naver.com/judy961122
2021-07-23,웃자:) 셀카지분률 높은 그간의 일상 우하하,https://blog.naver.com/judy961122/222441752011
2021-07-24,,https://blog.naver.com/gomymom
2021-07-24,익선동 그 지난 시간의 가치,https://blog.naver.com/gomymom/222444376854
2021-07-24,,https://blog.naver.com/kennyel
2021-07-24,컬러풀 해운대 해리단길~,https://blog.naver.com/kennyel/222443962876
2021-07-24,"묻는다 - 강원석, <꽃잎을 적신 이슬을 모아>",https://blog.naver.com/what76/222443094506
2021-07-25,,https://blog.naver.com/hafen
2021-07-25,"[2021-023] 밤을 걷는 밤(2021, 유희열.카카오TV)",https://blog.naver.com/hafen/222445164526
2021-07-25,,https://blog.naver.com/ryellowr
2021-07-25,<경주여행>첫쨋날 7/20 동궁과 월지,https://blog.naver.com/ryellowr/222444501081
2021-07-26,,https://blog.naver.com/yooree890
2021-07-26,익선동 데이트 맛집 핫플레이스 워터밀,https://blog.naver.com/yooree890/222445968702
2021-07-27,,https://blog.naver.com/b_soocom
2021-07-27,허준 선생님의 혜민서 자리에 위치한 혜민당 & 커피한약방 !을지로 데이트명소로 소개해봅니다,https://blog.naver.com/b_soocom/222446206764
2021-07-27,,https://blog.naver.com/pakjh0329
2021-07-27,논산 배롱나무 명소,https://blog.naver.com/pakjh0329/222447293855
2021-07-27,,https://blog.naver.com/kws814
2021-07-27,한혜진 - 종로 3가 ( 종로구 익선동 한옥 마을 이야기 / 김철인 작사 작곡 / 2021년 1월 신곡 ),https://blog.naver.com/kws814/222446796168
2021-07-28,,https://blog.naver.com/soy2512
2021-07-28,"서울 | 창덕궁, 창경궁, 낙산공원, 대학로연극, 리에제와플, 온센텐동",https://blog.naver.com/soy2512/222448684115
2021-07-28,,https://blog.naver.com/bjeen630
2021-07-28,2021~2022 한국관광 100선,https://blog.naver.com/bjeen630/222448618162
2021-07-28,종로가볼만한곳 익선동 한옥거리 온천집 송암여관 추천,https://blog.naver.com/opag0322/222448466059
2021-07-28,,https://blog.naver.com/erounnet
2021-07-28,"“좋은 콘텐츠가 있는 곳에 사람이 모여요""",https://blog.naver.com/erounnet/222447054375
2021-07-29,,https://blog.naver.com/workworksom
2021-07-29,익선동 맛집 가볼만한곳 <열두달>부터 <동백양과점>까지,https://blog.naver.com/workworksom/222449782183
2021-07-30,종로 HERTZ(헤르츠) (종로 서울),https://blog.naver.com/dlwlrma2218/222450786635
2021-07-30,,https://blog.naver.com/ilivingsense
2021-07-30,스토리가 쌓여가는 숍과 문화공간 대전 소제동 거리 골목 여행,https://blog.naver.com/ilivingsense/223721655520
2021-07-30,SNS 핫플레이스 ‘계단집’을 아시나요?,https://blog.naver.com/erounnet/222450669716
2021-07-31,,https://blog.naver.com/blanc_jlog
2021-07-31,"[경주 여행 2일차] 황리단길 온천집, 카페 오하이, 천마총, 단석가 찰보리빵",https://blog.naver.com/blanc_jlog/222451669092
2021-08-03,,https://blog.naver.com/vty4989
2021-08-03,"[국토저널] 종로구, 전국 최대 규모 가로등 ‘스마트폴 구축사업’ 본격화",https://blog.naver.com/vty4989/222455635195
2021-08-03,,https://blog.naver.com/seouldesks
2021-08-03,"종로구, 가로등‧와이파이‧CCTV 결합한 ‘스마트폴’ 구축",https://blog.naver.com/seouldesks/222455327747
2021-08-05,,https://blog.naver.com/0hbv8faopdja
2021-08-05,메뉴 이미지 소스 : 프앙디 공식 인스타그램,https://blog.naver.com/0hbv8faopdja/222458294556
2021-08-05,,https://blog.naver.com/nonsanjogyo
2021-08-05,[오늘의 매경]2021.08.05,https://blog.naver.com/nonsanjogyo/222457568674
2021-08-06,,https://blog.naver.com/leekw96
2021-08-06,경제신문스크랩 210806 - 공간재생 스타트업,https://blog.naver.com/leekw96/222459485272
2021-08-08,,https://blog.naver.com/spigajune
2021-08-08,익선동핫플레이스 청수당 이국적인분위기,https://blog.naver.com/spigajune/222461471635
2021-08-09,"[동네맛집] 안국역 헤비스테이크, 혼술이 당길때, 가성비 소고기집",https://blog.naver.com/fromage/222463455810
2021-08-09,,https://blog.naver.com/oobokii
2021-08-09,익선동 가볼만한 곳 :: 롤인익선 / 낙원역 / 포토이즘,https://blog.naver.com/oobokii/222463322465
2021-08-09,서울 호캉스 추천 오라카이 대학로 호텔 찐리뷰!,https://blog.naver.com/jangyah/222463309440
2021-08-10,,https://blog.naver.com/youthanastasia
2021-08-10,게을러지지 말자... 몇 달간의 기록,https://blog.naver.com/youthanastasia/222464280925
2021-08-10,,https://blog.naver.com/ljhjyk1217
2021-08-10,"『공간재생 스타트업 시장의 대변혁 예고』 첨단 플랫폼 연계, 성공 사례 등 재조명",https://blog.naver.com/ljhjyk1217/222464106509
2021-08-10,,https://blog.naver.com/seosanpark
2021-08-10,"서울시 여행, 골목과 한옥이 어우러진 거리, ""익선동 한옥거리""",https://blog.naver.com/seosanpark/222461694344
2021-08-11,,https://blog.naver.com/my_an_gel
2021-08-11,익선동 피자 보보피자 야무지게 맛있어요,https://blog.naver.com/my_an_gel/222465562333
2021-08-12,,https://blog.naver.com/sopi4422
2021-08-12,"대우건설 '세운 푸르지오 그래비티'생활숙박시설, 세운 재정비촉진지구 내에 전매가능한 투자 상품",https://blog.naver.com/sopi4422/222467007196
2021-08-12,,https://blog.naver.com/plpp000909
2021-08-12,◡̈,https://blog.naver.com/plpp000909/222466843569
2021-08-13,,https://blog.naver.com/dana_by
2021-08-13,대전 소제동 / 대만음식점 '동북아',https://blog.naver.com/dana_by/222468463816
2021-08-14,,https://blog.naver.com/parang8033
2021-08-14,세운 푸르지오 그래비티 서울 4대문안 중심지역 생활형숙박시설,https://blog.naver.com/parang8033/222470213222
2021-08-17,수원 로데오거리 효원공원 월화원 주차장 경기아트센터 안내,https://blog.naver.com/opag0322/222473553483
2021-08-17,,https://blog.naver.com/teddysuyeon
2021-08-17,"션니일상 - 나홀로 서울출장, 헬린이 8월부터 운동시작!",https://blog.naver.com/teddysuyeon/222473548896
2021-08-17,,https://blog.naver.com/2004cshea
2021-08-17,[게스트하우스] 집나온거북이,https://blog.naver.com/2004cshea/222473321413
2021-08-17,,https://blog.naver.com/cjang12345
2021-08-17,"책 리뷰 <공간의 미래 II>, 유현준 지음, 미래는 꿈꾸는 자들이 만든다!",https://blog.naver.com/cjang12345/222473138331
2021-08-18,,https://blog.naver.com/supermom88
2021-08-18,매력만점 지리 인문 교양서이자 공부가 되는 여행서!《지리쌤과 함께하는 우리나라 도시여행+80일간의 세계여행 시리즈》,https://blog.naver.com/supermom88/222475078129
2021-08-19,,https://blog.naver.com/leejy509
2021-08-19,2021.08.18 (수)_Delight Seoul 전시회,https://blog.naver.com/leejy509/222475677126
2021-08-20,,https://blog.naver.com/witt99
2021-08-20,아를르,https://blog.naver.com/witt99/222477441870
2021-08-21,인사동 알 게스트하우스 (종로 서울),https://blog.naver.com/dlwlrma2218/222479479589
2021-08-23,,https://blog.naver.com/suk030100
2021-08-23,"생방송투데이 오늘방송맛집,익선동 카페 정원이 아름다운 한옥거리 청수당",https://blog.naver.com/suk030100/222481347241
2021-08-25,,https://blog.naver.com/nana9744
2021-08-25,내가 직접 가보고 쓰는 경주 관광지& 볼거리 추천/ 포토존 많은 국내여행지 추천,https://blog.naver.com/nana9744/222483440009
2021-08-25,오래된 골목을 걷는 기분,https://blog.naver.com/news0709/222483340829
2021-08-26,,https://blog.naver.com/ksykjy11
2021-08-26,"소연이의 이것저것; 청계천 조깅,익선동 맛집 추천,익선동 술집 추천,그리고 익선동 사진찍을곳, 산책길, 꼭 들르셔야 할 곳 추천",https://blog.naver.com/ksykjy11/222484662307
2021-08-26,,https://blog.naver.com/nks610708
2021-08-26,"한옥스테이 체험하기 좋은 곳 추천(서울, 경주, 전주, 안동)",https://blog.naver.com/nks610708/222484516980
2021-08-28,,https://blog.naver.com/sonicboom10
2021-08-28,광주] 광주 속 도시재생의 골목여행-양림동,https://blog.naver.com/sonicboom10/222486447155
2021-08-28,,https://blog.naver.com/juvigre
2021-08-28,대전 신세계 백화점 맛집 카페 식당 리스트 총정리,https://blog.naver.com/juvigre/222486253836
2021-08-31,,https://blog.naver.com/tjsalsu
2021-08-31,익선동 카페 :: 한옥카페 온화 솔직 후기,https://blog.naver.com/tjsalsu/222490699075
2021-08-31,,https://blog.naver.com/jwcom786
2021-08-31,필름 카메라 감성에 흠뻑! 서울 '필카발' 대박 장소는?,https://blog.naver.com/jwcom786/222490052158
2021-08-31,,https://blog.naver.com/raaaniya173
2021-08-31,경주 황리단길 맛집 온천집 오픈 웨이팅 후기,https://blog.naver.com/raaaniya173/222489662909
2021-09-01,,https://blog.naver.com/ohbrown
2021-09-01,"럭셔리 브랜드 광고 대행 – 게릴라포스터 및 아트월 광고, 건물 랩핑 광고 등 서울 핫플레이스 옥외광고 전략 파헤쳐 보기! / 2021년 7월 보테가베네타 옥외광고 캠페인",https://blog.naver.com/ohbrown/222491328070
2021-09-01,대전 신세계백화점 맛집 리스트. 9월 CGV행사,https://blog.naver.com/jymiin77/222490878654
2021-09-03,"익선동 카페 청수당, 교토 느낌 대나무숲의 이국적인 분위기!",https://blog.naver.com/kyoonsun7/222494247242
2021-09-03,,https://blog.naver.com/ssim2568
2021-09-03,지하철 1호선 주변 맛집 추천,https://blog.naver.com/ssim2568/222493456734
2021-09-04,,https://blog.naver.com/seminkim10
2021-09-04,[인턴일기] 0904 종로 좋아❤,https://blog.naver.com/seminkim10/222495144511
2021-09-04,,https://blog.naver.com/ppyuland
2021-09-04,"[압구정로데오 핫플] ""회춘"" 고급스러운 분위기와 브런치, 신사동사진맛집",https://blog.naver.com/ppyuland/222493586032
2021-09-05,,https://blog.naver.com/gmk0817
2021-09-05,"종로 루프탑바 인사동 루프탑 바목시 (Bar Moxy), 목시 서울 인사동 호텔 루프탑 바 가격 야경 후기",https://blog.naver.com/gmk0817/222495587047
2021-09-06,,https://blog.naver.com/kjstvn79
2021-09-06,종로 더넥스트 종로5가역 오피스텔 최근 안내!,https://blog.naver.com/kjstvn79/222496689913
2021-09-06,,https://blog.naver.com/yes1676
2021-09-06,롯데프리미엄아울렛 ‘타임빌라스’ 그랜드 오픈...미래형 아울렛,https://blog.naver.com/yes1676/222496420327
2021-09-07,,https://blog.naver.com/realestateconsulting
2021-09-07,꼬마빌딩 부동산 제테크 전망은? 종로구 익선동 꼬마빌딩 매매비용부터 상권 투자 가치 함께 알아봅시다!,https://blog.naver.com/realestateconsulting/222498401062
2021-09-07,,https://blog.naver.com/will84
2021-09-07,공간의 해석 그리고 미래 - <부동산 디벨로퍼의 사고법>,https://blog.naver.com/will84/222497761117
2021-09-08,"서울 여행의 중심, 가성비 좋은 광화문 호텔 추천 3곳!",https://blog.naver.com/kr_hotelscom/223801049665
2021-09-09,대전 사진관 레트로 감성의 명화사진관 가족사진 너무 예뻐요,https://blog.naver.com/dlgkssktkfkd/222500436547
2021-09-09,문화와 연계한 골목상권,https://blog.naver.com/goldentreeconsulting/222491727433
2021-09-09,“롯데 아웃렛은 잊어라”...10개 통유리 건물서 쇼핑 ‘의왕 타임빌라스’,https://blog.naver.com/goldentreeconsulting/222497494546
2021-09-09,,https://blog.naver.com/61dmlcndjr
2021-09-09,"종로 익선동~청계천 반나절 데이트코스(+사진스팟) :: 익선동 한옥거리, 운세뽑기, 마당플라워카페, 포토이즘, 에일당, 청계천 산책",https://blog.naver.com/61dmlcndjr/222500117349
2021-09-10,"9월 가볼만한곳, 서울 길상사 꽃무릇 보고 나폴레옹 제과점 나들이",https://blog.naver.com/sweetieromy/222501964829
2021-09-10,,https://blog.naver.com/jhkim4848
2021-09-10,익선동 태국 음식점 살라뎅 방콕 다녀온 후기!,https://blog.naver.com/jhkim4848/222501658424
2021-09-10,,https://blog.naver.com/komx3
2021-09-10,우리가 이 도시의 주인공은 아닐지라도 / 박찬용 지음,https://blog.naver.com/komx3/222436114630
2021-09-11,,https://blog.naver.com/ohaaly
2021-09-11,익선동맛집 르블란서,https://blog.naver.com/ohaaly/222502329966
2021-09-12,,https://blog.naver.com/yorkiekimmy
2021-09-12,익선동 힙한옥 스팟[익선반주/청수당],https://blog.naver.com/yorkiekimmy/222503496275
2021-09-12,인사동 쌈지길 구경 인사동 어제와 오늘 은혜는 돌에 새기고 미움은 물에 새겨라,https://blog.naver.com/opag0322/222503106713
2021-09-13,,https://blog.naver.com/ynr228
2021-09-13,"[익선동] 청수당 - 고즈녁한 느낌의 사진찍기 좋은 까페, 수플레는 비싸지만 맛은 쏘쏘",https://blog.naver.com/ynr228/222500393410
2021-09-13,,https://blog.naver.com/sung08210
2021-09-13,철저히 생일 위주로만 쓰니 단단히 마음먹기,https://blog.naver.com/sung08210/222503833124
2021-09-14,,https://blog.naver.com/rlatjsl072
2021-09-14,익선동카페 끼룩 kkilook,https://blog.naver.com/rlatjsl072/222505680695
2021-09-14,익선동카페 우즈 woo'z,https://blog.naver.com/rlatjsl072/222505374357
2021-09-14,,https://blog.naver.com/recordingme
2021-09-14,"(경주) 2박 3일 경주여행, 가볼만한 모든 곳",https://blog.naver.com/recordingme/222504947707
2021-09-14,,https://blog.naver.com/jinns1014
2021-09-14,[서울 종로구] 종로구 나들이 코스,https://blog.naver.com/jinns1014/222504842854
2021-09-15,,https://blog.naver.com/nbtravler
2021-09-15,인사리 느티나무,https://blog.naver.com/nbtravler/222507036506
2021-09-15,,https://blog.naver.com/parksinhye33
2021-09-15,창원 박말순레스토랑 이색 파스타맛집 분위기좋은곳,https://blog.naver.com/parksinhye33/222506890447
2021-09-15,익선동 루프탑카페 대구핫플 우즈베이커리 빵지순례,https://blog.naver.com/oisuloi/222505845999
2021-09-16,,https://blog.naver.com/harry6608
2021-09-16,얼렁뚱땅 떠난 수도권여행기,https://blog.naver.com/harry6608/222508263759
2021-09-17,,https://blog.naver.com/worlf2364
2021-09-17,종로3가역 익선동 카페 맛집 루프탑 추천 커플데이트^^,https://blog.naver.com/worlf2364/222508974791
2021-09-17,,https://blog.naver.com/eruminara
2021-09-17,[루미슐랭] 익선동 카페 우즈베이커리 익선점 루프탑도 있어요,https://blog.naver.com/eruminara/222508905092
2021-09-18,익선동카페 낙원,https://blog.naver.com/rlatjsl072/222510092795
2021-09-19,,https://blog.naver.com/ubouno
2021-09-19,추석연휴에 갈만한 곳 서울명소 3. 종묘,https://blog.naver.com/ubouno/222510958686
2021-09-19,"[맛집탐방] 안국역 후스테이블, 피자 맛집, 아늑한 분위기에서 파스타와 리조또, 낮술 한잔 어때요?",https://blog.naver.com/fromage/222510755822
2021-09-20,압구정 온천집 스키야키 즐기기,https://blog.naver.com/juli03/222511569459
2021-09-21,,https://blog.naver.com/kimh01
2021-09-21,#113 / 돈부리 파스타 익선점 / 익선동 맛집 / 익선동 파스타 / 익선동 돈부리 / 데이트,https://blog.naver.com/kimh01/222512472710
2021-09-22,,https://blog.naver.com/sshoiqzr433149z
2021-09-22,이번 휴가에 가족과 함께할 수 있는 좋은 카페를 추천합니다,https://blog.naver.com/sshoiqzr433149z/222513427907
2021-09-22,,https://blog.naver.com/hdh1058915
2021-09-22,[21.09.13~16] 거제도 3박 4일 여자 혼행 일기 셋째 날,https://blog.naver.com/hdh1058915/222512903887
2021-09-22,,https://blog.naver.com/infra1201
2021-09-22,종로구 익선동 ; 서울에서 찾아볼 수 있는 좁은 골목과 한옥기와,https://blog.naver.com/infra1201/222512124459
2021-09-23,,https://blog.naver.com/lolleytrolley
2021-09-23,"[롤리트롤리 여행 정보] 백운호수와 바라산 자연 속 힐링 명소, 롯데프리미엄아울렛 타임빌라스 [의왕]",https://blog.naver.com/lolleytrolley/222514469829
2021-09-23,서울 놀만한곳 코스 및 놀거리 여의도 더현대서울~동대문 놀러갈만한곳 주말 데이트 놀곳 나들이 여행지,https://blog.naver.com/totoro122425/222513777151
2021-09-23,,https://blog.naver.com/plumpysheep
2021-09-23,[❣️연애썰❣️]열흘간의 데이트. 엄청 기니까 마음의 준비하시고 클릭하셔.,https://blog.naver.com/plumpysheep/222513632403
2021-09-23,익선동 골목에는 한옥과 Western Culture가 절묘하게 섞여 있다,https://blog.naver.com/infra1201/222512156308
2021-09-24,#119 / 송해길 / 락희거리 / 종로구 낙원동 명소 / 송해 개인 사무실 / 소문난 해장국 / 낙원동 송해,https://blog.naver.com/kimh01/222515116046
2021-09-24,#118 / 종로구 익선동 / 종로3가역 익선동 / 익선동 골목길,https://blog.naver.com/kimh01/222514985268
2021-09-25,,https://blog.naver.com/md1020
2021-09-25,문래동 문화예술거리,https://blog.naver.com/md1020/222516739722
2021-09-25,,https://blog.naver.com/jackichang2015
2021-09-25,익선동 탐방 & 카페 시그니처알,https://blog.naver.com/jackichang2015/222516574037
2021-09-25,,https://blog.naver.com/rmwl313
2021-09-25,성수 누메로뜨레쓰 칸토 / 응봉산 팔각정,https://blog.naver.com/rmwl313/222515963645
2021-09-25,,https://blog.naver.com/lmml4003
2021-09-25,[신사] 청수당 / 하남돼지,https://blog.naver.com/lmml4003/222515929053
2021-09-27,,https://blog.naver.com/llo44tf
2021-09-27,카페에서 바라보는 한옥 지붕,https://blog.naver.com/llo44tf/222518517251
2021-09-27,,https://blog.naver.com/dlsghkim
2021-09-27,[기사 스크랩] 코로나 이후 관광업 활성화,https://blog.naver.com/dlsghkim/222518417765
2021-09-27,,https://blog.naver.com/gonoing
2021-09-27,독립문 유일맛집 가을 분위기 나는 이탈리안 레스토랑 독립밀방,https://blog.naver.com/gonoing/222516861891
2021-09-28,,https://blog.naver.com/moonlight_er
2021-09-28,문래창작촌 카페 추천:: 놀면뭐하니에 나온 모아다방,https://blog.naver.com/moonlight_er/222517396860
2021-09-28,익선동빵집 강력추천! 베이커리 파머스반브레드,https://blog.naver.com/jinjoo_1125/222517214309
2021-09-28,서울 야경 명소 및 종로 가볼만한곳 놀거리. 청계전 사진찍기 좋은곳,https://blog.naver.com/totoro122425/222519136281
2021-09-28,익선동 골목의 다양한 모습 ; 익선동은 살아 있다,https://blog.naver.com/infra1201/222513910187
2021-09-29,,https://blog.naver.com/winerefresh
2021-09-29,차와 와인,https://blog.naver.com/winerefresh/222520878425
2021-09-29,,https://blog.naver.com/duke81211y
2021-09-29,종로에 갈 수 있는 곳이 너무 많아서 데이트하면 여기로 오세요.,https://blog.naver.com/duke81211y/222520592047
2021-09-29,"서울 데이트 코스 가볼만한곳, 익선동 한옥거리 놀거리 정리",https://blog.naver.com/fromrei8/222520489270
2021-09-30,,https://blog.naver.com/md_say
2021-09-30,#'조선 건축왕' 정세권,https://blog.naver.com/md_say/222522386549
2021-09-30,,https://blog.naver.com/kimj611
2021-09-30,8월 잘먹고 잘사는 법,https://blog.naver.com/kimj611/222521923655
2021-09-30,,https://blog.naver.com/bomnal_c
2021-09-30,[인물사진/개화기스냅] 단풍으로 붉게 물든 창덕궁 후원,https://blog.naver.com/bomnal_c/222521354423
2021-10-01,,https://blog.naver.com/mari7963
2021-10-01,열두 달 지하철 여행 / 지하철로 떠나는 역사 문화 여행 / 지하철 이야기,https://blog.naver.com/mari7963/222523264146
2021-10-01,,https://blog.naver.com/wellparkcity
2021-10-01,서울단풍 명소 BEST6,https://blog.naver.com/wellparkcity/222522967602
2021-10-02,,https://blog.naver.com/goodryan1012
2021-10-02,종로3가맛집 종로찌개마을 - 맛있는 알탕 대구뽈찜 SNS 인스타 맛집,https://blog.naver.com/goodryan1012/222524443393
2021-10-02,종로 낙원동 탑골공원 종로3가역 노포 맛집 골목,https://blog.naver.com/zinizio/222524239204
2021-10-02,,https://blog.naver.com/vwfefvpy980206t
2021-10-02,익선동 데이트 코스는 항상 볼 수 있는 음식으로 가득 차 있습니다,https://blog.naver.com/vwfefvpy980206t/222523989106
2021-10-02,,https://blog.naver.com/ana210161
2021-10-02,2021년 10월 2일 오전 6시 22분에 저장한 글입니다.,https://blog.naver.com/ana210161/222523859356
2021-10-04,,https://blog.naver.com/yang456
2021-10-04,"10월 3일, 종로 북촌 나들이",https://blog.naver.com/yang456/222526223816
2021-10-04,,https://blog.naver.com/uriim123
2021-10-04,9월 결산 (2/2),https://blog.naver.com/uriim123/222525943664
2021-10-05,,https://blog.naver.com/hun4339
2021-10-05,전국 핫플레이스 변신..대전 소제동 '관사촌'을 아시나요?,https://blog.naver.com/hun4339/222527171995
2021-10-06,,https://blog.naver.com/syk_1204
2021-10-06,"[경주] 2일차 - 첨성대와 핑크뮬리, 대릉원, 황리단길, 교촌마을, 월정교 그리고 황남주택",https://blog.naver.com/syk_1204/222529076214
2021-10-06,서울 핫플 익선동 청수당 청수당스파 데이트코스 추천,https://blog.naver.com/siatravel7/222528560258
2021-10-06,,https://blog.naver.com/no-mercy_
2021-10-06,"[일상] 모든 것은 다 흘러가는대로,,,",https://blog.naver.com/no-mercy_/222528555447
2021-10-06,,https://blog.naver.com/ksb6568
2021-10-06,[동부이촌동 맛집] 성게알 와다 비빔밥 강추!!! (솜씨),https://blog.naver.com/ksb6568/222528250512
2021-10-06,경기 의왕 롯데 프리미엄 아울렛 타임 빌라스 쇼핑 명소 복합문화공간 핫플레이스로 등극! 비오는날 갈만한곳,https://blog.naver.com/eao0926/222528186536
2021-10-06,,https://blog.naver.com/fpost_kr
2021-10-06,롯데가 달라지고 있다,https://blog.naver.com/fpost_kr/222527566335
2021-10-07,,https://blog.naver.com/mechapia_com
2021-10-07,서울나들이 초보자를 위한 인왕산 등산코스(선바위-범바위-인왕산정상),https://blog.naver.com/mechapia_com/222529923261
2021-10-07,,https://blog.naver.com/dh9219
2021-10-07,"익선동과 북촌, 시각적 관람 공간이 된 한옥마을",https://blog.naver.com/dh9219/222529858358
2021-10-08,,https://blog.naver.com/sthclever
2021-10-08,[의왕] 롯데프리미엄아울렛 타임빌라스,https://blog.naver.com/sthclever/222530921991
2021-10-08,,https://blog.naver.com/hoteltrend
2021-10-08,스마트 관광과 MICE 호재 기대되는 대전,https://blog.naver.com/hoteltrend/222529880720
2021-10-09,,https://blog.naver.com/hhyen_n
2021-10-09,"9월, 첫째주",https://blog.naver.com/hhyen_n/222532231397
2021-10-10,,https://blog.naver.com/coca713
2021-10-10,"[전주 가맥집] 먹태가 미쳤고,분위기는 더 미치는 전일갑오",https://blog.naver.com/coca713/222532881278
2021-10-10,,https://blog.naver.com/jungyoon-
2021-10-10,온고지신,https://blog.naver.com/jungyoon-/222532786778
2021-10-10,,https://blog.naver.com/hhhong88
2021-10-10,"익선동 분위기 깡패 맛집 추천 / 실낙원, 수제버거",https://blog.naver.com/hhhong88/222532754352
2021-10-10,,https://blog.naver.com/ksh97318
2021-10-10,종로3가 시티런 러닝코스추천,https://blog.naver.com/ksh97318/222532649004
2021-10-11,,https://blog.naver.com/hongddan_moya
2021-10-11,"[종로3가역/익선동] 서울 익선동 데이트 코스! (백부장집,아씨방앗간,낙원역카페,익선슈팅클럽)",https://blog.naver.com/hongddan_moya/222533522367
2021-10-12,,https://blog.naver.com/withindad
2021-10-12,안동하회마을 부용대. 어른은 완전 좋아하고 애들은 싫어하는.,https://blog.naver.com/withindad/222534973611
2021-10-12,,https://blog.naver.com/kooltz1018
2021-10-12,20211007 전국 일주 여행 11일차 - 대구광역시,https://blog.naver.com/kooltz1018/222534606455
2021-10-13,"남산타워, 남산 둘레길 코스 따라 서울 야경 탐구생활",https://blog.naver.com/sweetieromy/222536159311
2021-10-13,,https://blog.naver.com/siminsikdang
2021-10-13,종로의 유래와 종로의 명소를 소개합니다. (종로맛집 시민식당),https://blog.naver.com/siminsikdang/222535709423
2021-10-13,종로한복축제(~10월24일까지) 종로구 일대 온오프라인 풍성한 볼거리,https://blog.naver.com/goldmonji2/222535532829
2021-10-14,,https://blog.naver.com/enbnews
2021-10-14,서울형 현대한옥 활성화를 위한 새로운 지향점 모색,https://blog.naver.com/enbnews/222537217969
2021-10-14,,https://blog.naver.com/ud_underdogs
2021-10-14,"내장산 단풍 축제 말고 정읍에 가볼만한 곳, 정읍을 재해석하는 로컬 레스토랑과 편집샵 겸 카페",https://blog.naver.com/ud_underdogs/222536800572
2021-10-14,"서울 여행지 추천 :) 가을 단풍명소 덕수궁 돌담길, 정동길",https://blog.naver.com/dmgk32/222536643435
2021-10-14,"[관광뉴스] 스마트 관광과 MICE 호재 기대되는 대전, 차별화된 대전만의 매력 어필해야",https://blog.naver.com/hoteltrend/223786092523
2021-10-16,서울명소 - 무계원(부암동 전통문화공간),https://blog.naver.com/titoms20/222538352994
2021-10-17,,https://blog.naver.com/eve_note
2021-10-17,포항 가볼만한 곳ㅣ동백꽃 필 무렵 드라마 촬영지 '구룡포 일본인 가옥거리',https://blog.naver.com/eve_note/222539866806
2021-10-17,,https://blog.naver.com/foiclat
2021-10-17,"경상북도 경주 여행 코스 추천_경주 커플여행 숙소 추천 황남채,경주 황리단길 맛집 해피 치즈 스마일",https://blog.naver.com/foiclat/222539624427
2021-10-18,,https://blog.naver.com/srtraveler
2021-10-18,"SRT 타고 떠나는 시간여행 : 느리지만 아늑한, 역사와 추억이 공존하는 서촌의 시간 속으로!",https://blog.naver.com/srtraveler/222540674045
2021-10-19,,https://blog.naver.com/nongpalee
2021-10-19,익선동 한옥거리,https://blog.naver.com/nongpalee/222542194049
2021-10-19,,https://blog.naver.com/fncelite
2021-10-19,익선동 SNS 유명맛집 창업기회,https://blog.naver.com/fncelite/222541890503
2021-10-19,,https://blog.naver.com/wonwoul
2021-10-19,[당일여행] 서울 종로에서 즐기는 간단한 당일 여행 코스 추천!,https://blog.naver.com/wonwoul/222537649898
2021-10-22,익선동 루프탑 카페 티퍼런스서울,https://blog.naver.com/dnjstkdgh93/222544538264
2021-10-23,광주 식당 : 양림동 맛집 한옥식당 예쁜 한옥에서 분위기 있는 한식 드실 분 GOGO,https://blog.naver.com/blueskysam/222545922671
2021-10-25,,https://blog.naver.com/tripbtoz
2021-10-25,[비토즈 호텔리뷰] 롯데시티호텔 명동,https://blog.naver.com/tripbtoz/222547922131
2021-10-25,#205 / 서울교동초등학교 / 한국 최초의 초등학교,https://blog.naver.com/kimh01/222547704236
2021-10-25,,https://blog.naver.com/godhyeok_
2021-10-25,Feel the Rhythm of Korea - SEOUL2 리뷰,https://blog.naver.com/godhyeok_/222547175539
2021-10-26,,https://blog.naver.com/etum
2021-10-26,소소한 경주,https://blog.naver.com/etum/222548953355
2021-10-26,조계사 국화축제에서 가을담기,https://blog.naver.com/indang61/222548562721
2021-10-27,"서울 단풍명소, 창덕궁과 창경궁 산책하기",https://blog.naver.com/bom25bom/222549844543
2021-10-28,‘세계에서 가장 멋진 동네’ 49곳 전체 목록/서울 종로3가 3위 선정,https://blog.naver.com/kjchol123/222551515717
2021-10-28,,https://blog.naver.com/eunstar9
2021-10-28,서울여행 운현궁나들이,https://blog.naver.com/eunstar9/222551163240
2021-10-28,,https://blog.naver.com/jinydonghyun
2021-10-28,서울 종로 명예도로명 길 이야기,https://blog.naver.com/jinydonghyun/222551072059
2021-10-29,,https://blog.naver.com/tbscitizen
2021-10-29,서울에서 한옥을 만끽할 수 있는 방법,https://blog.naver.com/tbscitizen/222552162797
2021-10-30,#222 / 무계원 / 종로구 부암동 / 종로전통문화시설,https://blog.naver.com/kimh01/222553182747
2021-10-30,,https://blog.naver.com/ooonni
2021-10-30,"대전 카페 :) 괴정동, 롯데백화점, 소담원 :: 청수당 신록 淸水堂 shinloc",https://blog.naver.com/ooonni/222553016630
2021-10-31,,https://blog.naver.com/wion109
2021-10-31,연남동 핫플 포토존 '청수당공명' 예쁜 카페 (데이트),https://blog.naver.com/wion109/222554370732
2021-11-01,,https://blog.naver.com/coste2012
2021-11-01,하루만에 떠나는 서울 한옥 여행,https://blog.naver.com/coste2012/222555618532
2021-11-01,[수도권 상가 근생빌딩 투자정보 공개] 종로 3가역 메인먹자골목 꼬마빌딩매매 도전해보세요! 재개발지역 빌딩 투자법!,https://blog.naver.com/realestateconsulting/222555584581
2021-11-01,,https://blog.naver.com/duuende_
2021-11-01,"[강원도 속초 시내버스뚜벅이코스] - 고속버스터미널 기준 / 할매식당, 하누식당, 보사노바, 상도문돌담마을 , 도문커피 , 육모정상점, 갯배선착장 , 아바이순대, 속초닭강정",https://blog.naver.com/duuende_/222555269939
2021-11-02,,https://blog.naver.com/sikiji
2021-11-02,[냠냠촴촴] 잘빠진메밀/익선점(2호점)/메밀국수(막국수)맛집/만두전골맛집/안국역맛집/종로3가맛집/창덕궁맛집/창경궁맛집,https://blog.naver.com/sikiji/222556473491
2021-11-02,,https://blog.naver.com/riricasos2
2021-11-02,"작고 사소하지만 특별한 하루. 세련되게 해결해 드립니다, 백조세탁소",https://blog.naver.com/riricasos2/222555724959
2021-11-04,,https://blog.naver.com/sonjson
2021-11-04,시내 산책 - '성남제1'추억을 얘기하며,https://blog.naver.com/sonjson/222558754182
2021-11-04,[신변잡기] 창경궁/단풍구경/춘당지/서울단풍명소/10월마지막주(2021.10.31.),https://blog.naver.com/sikiji/222558392986
2021-11-05,,https://blog.naver.com/tomkang1205
2021-11-05,종로 노상에서 늦가을을 만끽하다,https://blog.naver.com/tomkang1205/222559326844
2021-11-05,,https://blog.naver.com/thesu_woori
2021-11-05,500년 된 성균관 명륜당 은행나무 (+서울단풍놀이 명소),https://blog.naver.com/thesu_woori/222558937569
2021-11-05,,https://blog.naver.com/tourgrim
2021-11-05,칠레 여행지 BEST 7,https://blog.naver.com/tourgrim/222558963318
2021-11-06,서울 단풍명소 창덕궁 단풍절정 창경궁에서 익선동까지,https://blog.naver.com/przd0500/222560141174
2021-11-07,,https://blog.naver.com/piao_xingxin
2021-11-07,"서울 가을단풍 명소: 창경궁, 성균관대",https://blog.naver.com/piao_xingxin/222561289294
2021-11-09,,https://blog.naver.com/kimandsco
2021-11-09,서울도심여행 하기 좋은 곳 TOP 5,https://blog.naver.com/kimandsco/222563198285
2021-11-10,서울 놀곳 익선동 한옥거리 놀거리 가득한 명소,https://blog.naver.com/ttot177900/222563845384
2021-11-11,,https://blog.naver.com/coreap6
2021-11-11,종로구 서순라길에 조선시대 ‘순라군’,https://blog.naver.com/coreap6/222565263342
2021-11-11,,https://blog.naver.com/taiji4931
2021-11-11,익선동의 핫한 온천집에서 샤브샤브 먹고 서울나들이하기,https://blog.naver.com/taiji4931/222565101347
2021-11-11,"종로구, ‘순라길, 순라군 해설프로그램’ 시범 운영",https://blog.naver.com/seouldesks/222564873841
2021-11-12,"서순라길에 조선시대 ‘순라군’이 떴다, 복식을 한 해설사 만나볼 수 있어!",https://blog.naver.com/limyk3217/222565854489
2021-11-12,,https://blog.naver.com/sammyno
2021-11-12,"신혼 일상 : 종로 데이트 코스, 익선동 데이트, 광주집, 광장시장 신혼부부 데이트",https://blog.naver.com/sammyno/222565803686
2021-11-12,,https://blog.naver.com/dhaley
2021-11-12,[서울여행] #1 명동 스텝인명동1 /익선동한옥거리 /빠리가옥/ 오야꽃 /광화문,https://blog.naver.com/dhaley/222565602448
2021-11-13,,https://blog.naver.com/2kimct
2021-11-13,"문래동 놀거리,""문래동 투어"" 즐길 수 있는 <헬로우문래>",https://blog.naver.com/2kimct/222566879554
2021-11-14,,https://blog.naver.com/fleursetvin
2021-11-14,익선동 맛집코스 - 로컬맛집 종로할머니칼국수와 로스터리 카페 시그니처R,https://blog.naver.com/fleursetvin/222568009025
2021-11-14,,https://blog.naver.com/daily_grace
2021-11-14,"서울단풍명소 즐기기 - 덕수궁, 창덕궁, 남산",https://blog.naver.com/daily_grace/222567393570
2021-11-15,,https://blog.naver.com/daily4021
2021-11-15,[daily] 가을의 경복궁 향원정 / 평범한 11월 일상기록,https://blog.naver.com/daily4021/222569302923
2021-11-15,,https://blog.naver.com/ksaddy1
2021-11-15,"[뚜벅뚜벅둘이여행] 골목골목 살아 숨쉬는 빈티지, 문래동 산책",https://blog.naver.com/ksaddy1/222569234584
2021-11-15,,https://blog.naver.com/h98701238
2021-11-15,in autumn,https://blog.naver.com/h98701238/222568313734
2021-11-16,,https://blog.naver.com/4th0fjuly
2021-11-16,익선동데이트 익선통하다 익선동사주 익선동루프탑 종로3가사주카페,https://blog.naver.com/4th0fjuly/222570383743
2021-11-16,,https://blog.naver.com/jhm4946
2021-11-16,[경복궁역] 국물떡볶이가 맛있는 내자동 골목 경복궁역술집 '내자살롱',https://blog.naver.com/jhm4946/222569959321
2021-11-16,,https://blog.naver.com/nyaions
2021-11-16,"[한남동 술집] 방울과꼬막, 부곡하와이,[강남구청역 맛집] 백암순대국, 달링키친, [이태원 맛집-카페] 콩카페, 쟈니덤플링, 야상해, 타코아미고, 21플레이오프 2차전(잠실)",https://blog.naver.com/nyaions/222569352855
2021-11-17,,https://blog.naver.com/mice-in
2021-11-17,‘같이 걸을래요? 서순라길 돌담길’ 숨은 골목에서 시작하는 종로 역사 여행,https://blog.naver.com/mice-in/222570685824
2021-11-17,,https://blog.naver.com/sjang331
2021-11-17,3rd page of summer,https://blog.naver.com/sjang331/222570442810
2021-11-18,,https://blog.naver.com/sos3941
2021-11-18,"3, 4월 서울 부산 수원 그리고 대구",https://blog.naver.com/sos3941/222572112293
2021-11-18,,https://blog.naver.com/heejuly4
2021-11-18,익선의상실 개화기 의상 대여하고 커플 인생사진 찍기! / 종로 익선동 데이트 코스,https://blog.naver.com/heejuly4/222572039462
2021-11-18,,https://blog.naver.com/oriols42
2021-11-18,[명소] 익선동 '감꽃당',https://blog.naver.com/oriols42/222571686586
2021-11-19,,https://blog.naver.com/munjae92kr
2021-11-19,"종로곱창맛집, 전곱 종로직영점 치즈곱창 먹은 후기",https://blog.naver.com/munjae92kr/222573321073
2021-11-21,,https://blog.naver.com/melodytravel
2021-11-21,유네스코 세계문화유산 창덕궁 아는만큼 넓고 깊게 보이는 곳 with 안지영가이드님,https://blog.naver.com/melodytravel/222574914571
2021-11-21,"서울시, 위아이(WEi)가 알리는 서울의 매력 <랜선 서울 라이프> 영상공개",https://blog.naver.com/coreap6/222574858570
2021-11-21,,https://blog.naver.com/dmswls399
2021-11-21,종로3가 핫플레이스 익선동 골목길에 다녀왔다.,https://blog.naver.com/dmswls399/222574593988
2021-11-22,[비토즈 호텔리뷰] 센터마크 호텔,https://blog.naver.com/tripbtoz/222575644679
2021-11-22,,https://blog.naver.com/each-j
2021-11-22,"서울시, 위아이(WEi)가 알리는 서울의 매력 “랜선 서울 라이프” 영상공개",https://blog.naver.com/each-j/222575553557
2021-11-22,,https://blog.naver.com/1114yjg
2021-11-22,[덕수궁] 서울 단풍 명소/ 서울로 가을 나들이를 다녀왔어요.,https://blog.naver.com/1114yjg/222575467398
2021-11-24,"서울관광재단, 조선시대 ‘순라군 해설프로그램’ 체험··· 숨은 골목에서 시작하는 종로 역사 여행",https://blog.naver.com/yeobi_pr/222577103411
2021-11-24,,https://blog.naver.com/looktor
2021-11-24,[대전] 치앙마이방콕,https://blog.naver.com/looktor/222577005434
2021-11-25,[후기] 도심 속 숨겨져있는 서울 정취! 익선동 거리를 걸어보며 느낀 점들!,https://blog.naver.com/airtc1007/222577863918
2021-11-25,,https://blog.naver.com/kt214
2021-11-25,"투자분석, 창원시 진해구",https://blog.naver.com/kt214/222577878250
2021-11-26,,https://blog.naver.com/jiyoonii_ecrin
2021-11-26,"가을 스냅촬영_성균관대학교 명륜당, 익선동 거리",https://blog.naver.com/jiyoonii_ecrin/222579693080
2021-11-27,[파리여행]매력가득 프랑스 파리 여행 모음,https://blog.naver.com/o_opeanut/222580454479
2021-11-27,,https://blog.naver.com/cutethunder
2021-11-27,[경주 여행 1박 2일 첫째날 오후] 경주 가볼 만한 곳 추천 황리단길(주변 주차장 평일 정보),https://blog.naver.com/cutethunder/222580356612
2021-11-28,"[서울가볼만한곳] 서울드로잉카페, 익선동 블란서미술관",https://blog.naver.com/sjm7772/222581135343
2021-11-28,,https://blog.naver.com/hyein624
2021-11-28,"[서울 단풍 명소] 창덕궁 단풍구경 막차 탑승 (후원 예약, 입장료)",https://blog.naver.com/hyein624/222580874797
2021-11-29,"[관광통역안내사] 돈의문, 한양 도성 서쪽의 대문",https://blog.naver.com/godhyeok_/222582220433
2021-11-29,,https://blog.naver.com/michaelmaldini
2021-11-29,"역습의 한옥, 어니언 안국점 (Onion)",https://blog.naver.com/michaelmaldini/222581955908
2021-11-29,,https://blog.naver.com/seonzzong2
2021-11-29,분위기 사진 맛집 서순라길 감성카페_파이키(인물사진 잘 나오는 법),https://blog.naver.com/seonzzong2/222581349337
2021-11-30,,https://blog.naver.com/mhone1
2021-11-30,"서울도심에서 느끼는 한국의 멋, 인사동 거리 투어",https://blog.naver.com/mhone1/222582958063
2021-11-30,[비토즈 호텔리뷰] 오라카이 인사동 스위츠,https://blog.naver.com/tripbtoz/222582870102
2021-12-01,,https://blog.naver.com/smartfnd
2021-12-01,[스마트렌드] 수능 끝난 고3이여 떠나라! 국내 우정 여행지 추천,https://blog.naver.com/smartfnd/222584124030
2021-12-01,"푸른 숲, 익선동",https://blog.naver.com/michaelmaldini/222583915018
2021-12-02,2021년 한 해 종로구 SNS 기자단 활동 차곡차곡 정리하기,https://blog.naver.com/goldmonji2/222585274338
2021-12-03,"연남동 놀거리, 연말 데이트 코스 추천!",https://blog.naver.com/hackersjapan/222585669253
2021-12-04,,https://blog.naver.com/cherished_me
2021-12-04,벚꽃명소로 유명한 경희랜드! 가을 나들이 하기도 좋아 (서울단풍명소 추천),https://blog.naver.com/cherished_me/222586344039
2021-12-05,,https://blog.naver.com/mimimi0616
2021-12-05,여기가 일본 교토 료칸?서울 샤브샤브 맛집 익선동 온천집 가는길부터 웨이팅 주차장 매직패스까지 한번에,https://blog.naver.com/mimimi0616/222587287672
2021-12-05,,https://blog.naver.com/eunhye1324
2021-12-05,부랴부랴 밀려 쓰는 일기,https://blog.naver.com/eunhye1324/222587247489
2021-12-05,"분위기좋은 제주도 데이트코스 이도이동 도브다이브, 낮에는 커피 저녁엔 와인",https://blog.naver.com/zuuu_33/222587020546
2021-12-06,,https://blog.naver.com/taurusz
2021-12-06,종로시민식당/종로3가맛집/서울삼겹살맛집/데이트코스맛집,https://blog.naver.com/taurusz/222588237324
2021-12-06,,https://blog.naver.com/lilyanne0513
2021-12-06,[북촌 구경] 엄마랑 가을 나들이,https://blog.naver.com/lilyanne0513/222587887813
2021-12-07,,https://blog.naver.com/ydy7405
2021-12-07,[경주황리단길맛집] 플레이팅이 압도적인 된쟝 샤브샤브! 온천집,https://blog.naver.com/ydy7405/222589387968
2021-12-07,,https://blog.naver.com/framefree
2021-12-07,그림과 함께 한 인왕산,https://blog.naver.com/framefree/222588908771
2021-12-07,대전 여행 핫플 대전 명소 골목여행 소제동 관사촌을 아시나요?,https://blog.naver.com/cafeinfofam/222588891722
2021-12-08,,https://blog.naver.com/mpvalove
2021-12-08,민족의 보금자리를 지킨 '건축왕' 정세권,https://blog.naver.com/mpvalove/222589876381
2021-12-09,,https://blog.naver.com/sudony
2021-12-09,"“밥입니까 빵입니까”… 추억의 맛, 경양식",https://blog.naver.com/sudony/222590609233
2021-12-10,,https://blog.naver.com/drim1075
2021-12-10,[부산참편한한의원] 서울 여행:),https://blog.naver.com/drim1075/222592239416
2021-12-10,,https://blog.naver.com/jisuninparis
2021-12-10,종로3가 익선동 지오쿠치나,https://blog.naver.com/jisuninparis/222585769638
2021-12-10,,https://blog.naver.com/hy9371
2021-12-10,서울 종로 익선동 예쁜 디저트카페 청수당 웨이팅팁,https://blog.naver.com/hy9371/222591706476
2021-12-11,,https://blog.naver.com/bim_project
2021-12-11,[블란서 미술관] 서울드로잉카페 익선동 데이트 코스 추천,https://blog.naver.com/bim_project/222592836755
2021-12-11,,https://blog.naver.com/shaman7979
2021-12-11,날씨 너무 좋은날 오랜만에 나들이 :),https://blog.naver.com/shaman7979/222592724236
2021-12-12,,https://blog.naver.com/mixx41
2021-12-12,익선동 한옥거리/ 이비스앰배서더인사동/ 송암여관/ 망원동 티라미수 후기,https://blog.naver.com/mixx41/222593624990
2021-12-12,,https://blog.naver.com/whalsry0904
2021-12-12,"가을을 보내고 겨울을 맞이할 준비,11월 일상.zip (이미 겨울인뎁쇼 ..^^)",https://blog.naver.com/whalsry0904/222593546544
2021-12-12,,https://blog.naver.com/pulneck
2021-12-12,관광컨텐츠로서의 서울의 골목길,https://blog.naver.com/pulneck/222593514360
2021-12-12,,https://blog.naver.com/jian_725
2021-12-12,"[서울] 서울여행 최적의 위치, 극가성비 깔끔한 호텔 ""뉴서울호텔""",https://blog.naver.com/jian_725/222593200338
2021-12-13,경기도 실내 데이트 코스 판교 현대백화점 트리 & 카페 하이웨스트,https://blog.naver.com/goldpfeil/222594012304
2021-12-13,,https://blog.naver.com/leaders1000
2021-12-13,(익선동) 온천집 / 서순라길,https://blog.naver.com/leaders1000/222593936014
2021-12-13,,https://blog.naver.com/meltingdoor
2021-12-13,[익선] 워터밀 | 식스센스 나옴. 이쁨. 맛으로 나온게 아닌건 확실함,https://blog.naver.com/meltingdoor/222593904000
2021-12-14,,https://blog.naver.com/tiger3639
2021-12-14,팔찌~~,https://blog.naver.com/tiger3639/222595158796
2021-12-14,서울 안녕인사동 놀거리 컬러풀 뮤지엄 할인 및 주차,https://blog.naver.com/amlee74/222594560128
2021-12-15,,https://blog.naver.com/landhi1004
2021-12-15,광주 첨단 다운타운시너지 분양 정보 (임대가 보장되는 안정적인 상가 투자 안내),https://blog.naver.com/landhi1004/222596306082
2021-12-15,"북촌한옥마을, 은평한옥마을 등 서울한옥마을 5곳 알아보기",https://blog.naver.com/dmgk32/222595957859
2021-12-15,익선동 저녁 소개팅 하고싶은_와규맛집 솔솥,https://blog.naver.com/seonzzong2/222595925133
2021-12-15,,https://blog.naver.com/harmony_mj
2021-12-15,종로 핫플 / 익선동) 인테리어도 디저트도 예쁜 햇살맛집 카페 @하이웨스트 익선,https://blog.naver.com/harmony_mj/222595557177
2021-12-16,,https://blog.naver.com/sts_phd2kw
2021-12-16,"종로3가역 6번 출구, 익선동",https://blog.naver.com/sts_phd2kw/222597316066
2021-12-16,서울 할만한것 종묘 세운상가 익선동 놀거리 놀곳 구경 종로 명소 8곳,https://blog.naver.com/zzanzhu4654/222597192060
2021-12-16,1박 2일 경주 황리단길 먹방 여행,https://blog.naver.com/104204303/222596676346
2021-12-18,,https://blog.naver.com/alleysom
2021-12-18,[방학역 맛집] 파스타 피자 펍(pub) 와인바 감성 맛집 | 노말살롱,https://blog.naver.com/alleysom/222598836287
2021-12-18,,https://blog.naver.com/snoopy2929
2021-12-18,"[스누피의 한국여행 87.48] 서울시 종로구 사직동 돈의문박물관마을 방문기2 (서대문여관, 학교앞 분식, 다화, 아해로 골목놀이체험관, 삼거리이용원, 돈의문역사관 등)",https://blog.naver.com/snoopy2929/222598722620
2021-12-18,,https://blog.naver.com/sunny_side_up12
2021-12-18,익선동 이층양옥 소개팅 데이트에 추천 감성적이고 분위기좋은 레스토랑,https://blog.naver.com/sunny_side_up12/222598404118
2021-12-20,,https://blog.naver.com/woono772
2021-12-20,부자부엉이 11월~12월 최신 이야기,https://blog.naver.com/woono772/222600058471
2021-12-20,,https://blog.naver.com/m__j10
2021-12-20,"익선동 빠삭족발_족발을 튀김으로 사용한 퓨전음식점, 한옥 루프탑에서 운치 있게 족발을 즐길 수 있는 감성맛집",https://blog.naver.com/m__j10/222599910106
2021-12-21,순라길 맛집 / 와룡동닭매운탕,https://blog.naver.com/gaogaiga2000/222600566905
2021-12-22,,https://blog.naver.com/elenaion
2021-12-22,익선121에서 익선동 데이트 전 한식 맛나게 먹을까요,https://blog.naver.com/elenaion/222601550062
2021-12-23,,https://blog.naver.com/kja761224
2021-12-23,화이자 팍스로비드 미국서 첫 승인.,https://blog.naver.com/kja761224/222603147671
2021-12-23,,https://blog.naver.com/ahw112048
2021-12-23,어서와 한국은 처음이지 프란시네 K뷰티 뷰티숍 화장품 쇼핑 한곳 위치 어디? 나만의 파운데이션 만들기 샘플,https://blog.naver.com/ahw112048/222603096380
2021-12-23,,https://blog.naver.com/buwok
2021-12-23,어서와 한국은처음이지 프란시네 익선동 한정식집 한옥 식당 한식집 작가 광진 이태원 클라쓰 촬영지 단밤 포차 문어 순두부찌개 루카 브라질 가수 프란시네 어서와 한국은처음이지...,https://blog.naver.com/buwok/222602995087
2021-12-23,,https://blog.naver.com/seokks0919
2021-12-23,어서와 한국은 처음이지 223회 브라질 인기 가수 프란시네 나이 프로필,https://blog.naver.com/seokks0919/222602898207
2021-12-23,어서와 한국은 처음이지 가수 프란시네 나이 프로필 인스타 문어 순두부찌개 식당 위치 연락처 ⭕️직업 루카 학력 단밤,https://blog.naver.com/cwmylee/222602851368
2021-12-23,,https://blog.naver.com/gogophone50
2021-12-23,어서와 한국은/ 브라질 가수 프란시네 박서준에 흠뻑 빠져,https://blog.naver.com/gogophone50/222602694198
2021-12-24,,https://blog.naver.com/tkddml8823
2021-12-24,[경주]핫플 황리단길 먹거리/맛집 100%성공,https://blog.naver.com/tkddml8823/222603797849
2021-12-24,,https://blog.naver.com/0426kny
2021-12-24,커플겨울여행 가기 좋은 경주 데이트스팟 정리,https://blog.naver.com/0426kny/222603792920
2021-12-24,,https://blog.naver.com/cjs6sm12
2021-12-24,익선동 카페/익선동데이트장소로 제격인 과거와 현재가 교차하는 분위기 짱짱한한옥카페 카페 식물 다녀온 솔직리뷰,https://blog.naver.com/cjs6sm12/222603726860
2021-12-25,,https://blog.naver.com/corgisky
2021-12-25,[서울/종로] 티퍼런스 서울 - 종로 익선동 카페 데이트코스로 추천!,https://blog.naver.com/corgisky/222604422024
2021-12-25,김영철의 동네한바퀴 북촌 궁중떡집 혜화동 칼국수 생선튀김 삼청동 단팥죽집 대학로 낭만 다방 청계천 베를린광장 이화동 낙산 국민주택단지 100년 기상관측소 동네한바퀴 100회,https://blog.naver.com/buwok/222604169762
2021-12-27,,https://blog.naver.com/evervic
2021-12-27,대한민국 100대상권을 추적해본다!!,https://blog.naver.com/evervic/222605848393
2021-12-28,종로곱창맛집 전곱 종로직영점 쫙 늘어나는 치즈와 불맛 미쳤다리,https://blog.naver.com/shinminju625/222606944976
2021-12-28,"서울 핫플/ 명동 신세계 백화점 미디어 파사드, 매지컬 홀리데이(Magical Holidays) 점등시간, 기간, 후기",https://blog.naver.com/pinkjh35/222606823350
2021-12-29,,https://blog.naver.com/businessinsight
2021-12-29,"핫플 메이커 익선다다, 익선동-소제동 다음은?ㅣ인터비즈",https://blog.naver.com/businessinsight/222607604890
2021-12-29,,https://blog.naver.com/soyeenyeong
2021-12-29,"[경주] 겹벚꽃, 대릉원, 황리단길, 동궁과월지, 경주맛집, 경주야경, 경주볼거리, 황리단길카페",https://blog.naver.com/soyeenyeong/222607598241
2021-12-29,,https://blog.naver.com/shsii2001
2021-12-29,[일상] 2021년 연말정산,https://blog.naver.com/shsii2001/222607254317
2021-12-30,,https://blog.naver.com/boongzzaya
2021-12-30,"[익선동데이트추천] ""에그타르트""맛집 ""감꽃당"" ,에그타르트보관방법",https://blog.naver.com/boongzzaya/222608415052
2021-12-31,,https://blog.naver.com/e_jeoung
2021-12-31,21분 후반전,https://blog.naver.com/e_jeoung/222609838351
2021-12-31,,https://blog.naver.com/5678ok
2021-12-31,‘한국인이 꼭 가봐야 할 관광명소 한국관광 100선’ 지도,https://blog.naver.com/5678ok/222609323805
2021-12-31,,https://blog.naver.com/kong79711
2021-12-31,"첨단 상가, 첨단 다운타운 시너지",https://blog.naver.com/kong79711/222609151948
2021-12-31,,https://blog.naver.com/febsecond8
2021-12-31,Good bye 2021,https://blog.naver.com/febsecond8/222609051915
2021-12-31,,https://blog.naver.com/waytogo__
2021-12-31,"종로 익선동 빵집 '파머스반 브레드', 앙버터, 시금치치아바타 맛집 비건빵이 있는 종로3가 베이커리",https://blog.naver.com/waytogo__/222609042806
