date,title,link
2024-02-01,,https://blog.naver.com/MyBlog.naver
2024-02-01,,https://section.blog.naver.com/
2024-02-01,,https://blog.naver.com/hsc660312
2024-02-01,티빙드라마LTNS2화촬영지배경장소여행 줄거리 불륜주차장 중국집 피아노대회장 검찰청 햄버거 피자집 수금건물 서울밤거리,https://blog.naver.com/hsc660312/223341091689
2024-02-01,,https://blog.naver.com/donas
2024-02-01,"[한남]한남동맛집 이태원맛집 발렌타인데이 데이트 코스""분지로 사운즈한남점""",https://blog.naver.com/donas/223340866302
2024-02-01,,https://blog.naver.com/banglang93
2024-02-01,강남 한우 오마카세 맛집 우시야 가성비 좋은 데이트 코스,https://blog.naver.com/banglang93/223340524808
2024-02-01,,https://blog.naver.com/mustang10004
2024-02-01,[월간.1월]유명 부동산 블로그 글모음(부동산&재테크).한달모음.(1/1~1/31),https://blog.naver.com/mustang10004/223340389874
2024-02-01,,https://blog.naver.com/panel2171
2024-02-01,여의나루역폐기물 원상복구 임대인과 임차인의 갈등이 있을때 중재역할까지 하면서,https://blog.naver.com/panel2171/223340342038
2024-02-02,,https://blog.naver.com/ms-0416
2024-02-02,"한남동 파인다이닝의 진수, ""군몽""",https://blog.naver.com/ms-0416/223341698020
2024-02-02,,https://blog.naver.com/starshine867
2024-02-02,서울중앙성원 - 한국 이슬람교의 허브,https://blog.naver.com/starshine867/223341068290
2024-02-02,,https://blog.naver.com/sena3843
2024-02-02,"한남동에서 발견한 맛집, 참새집 한남점",https://blog.naver.com/sena3843/223341533554
2024-02-03,,https://blog.naver.com/giocoso95
2024-02-03,한남동다이닝 한남동데이트코스 한남동 프리미엄 태국 음식점 마나오,https://blog.naver.com/giocoso95/223334793339
2024-02-03,,https://blog.naver.com/yolohwan
2024-02-03,토요일은 밥이 좋아 묵은지감자탕 서울 한남 식당 위치,https://blog.naver.com/yolohwan/223342805883
2024-02-03,,https://blog.naver.com/ralralral22
2024-02-03,성수동 데이트 코스 추천/성수동맛집/능동미나리/한정선/자연도소금빵,https://blog.naver.com/ralralral22/223342739813
2024-02-03,,https://blog.naver.com/dearus7
2024-02-03,"[착장TIP]요즘 멋쟁이는 ‘동네 패션’을 입는다…달라진 TPO, 왜?",https://blog.naver.com/dearus7/223342732924
2024-02-04,,https://blog.naver.com/2015jkim
2024-02-04,도심 속 힐링으로 좋은 프라이빗한 한남동 스파 고요 웰니스 더 한남,https://blog.naver.com/2015jkim/223344093487
2024-02-04,,https://blog.naver.com/izzzly
2024-02-04,"[후암동 카페] 무니 | 해방촌 카페 | 루프탑 뷰 맛집(가격, 메뉴, 주차, 예약, 내돈내산)",https://blog.naver.com/izzzly/223344001039
2024-02-04,,https://blog.naver.com/kyukyul
2024-02-04,"아이엠랑데자뷰 집들이 선물하기 좋은 욕실용품. 배쓰밤, 핸드워시 구매 후기",https://blog.naver.com/kyukyul/223343936952
2024-02-04,,https://blog.naver.com/sona_37
2024-02-04,"[서울의 봄 후기]/ 서울의 봄 실제촬영지/ 스포X, 역사의 한부분 알고봐도 재미",https://blog.naver.com/sona_37/223343478713
2024-02-04,,https://blog.naver.com/hhoio125
2024-02-04,서울 용산구 고기 맛집/참새집 한남점,https://blog.naver.com/hhoio125/223343432305
2024-02-05,,https://blog.naver.com/8383wot
2024-02-05,한남동 사무실 주택형 사옥 임대,https://blog.naver.com/8383wot/223345103987
2024-02-06,,https://blog.naver.com/pmdvwx2564
2024-02-06,서울 광역시는 한국의 수도,https://blog.naver.com/pmdvwx2564/223346321008
2024-02-06,,https://blog.naver.com/ahe99v
2024-02-06,"24년 happy new year, 1월 한달일기, 생일이어라~",https://blog.naver.com/ahe99v/223345773253
2024-02-07,,https://blog.naver.com/hansol11115
2024-02-07,방이옥 한남점 용산구맛집,https://blog.naver.com/hansol11115/223347160394
2024-02-07,,https://blog.naver.com/mtg-creative
2024-02-07,"<헬로우 문경> 시그니처 메뉴 : 티크림 디저트 / ""문경의봄""",https://blog.naver.com/mtg-creative/223346583656
2024-02-07,,https://blog.naver.com/py1978
2024-02-07,"이태원에 숨겨진 고색의 명소, 이태원부군당역사공원 (이태원 부군당, 유관순열사추모비)",https://blog.naver.com/py1978/223345000071
2024-02-08,,https://blog.naver.com/2713s
2024-02-08,한남동파인다이닝 와인바 불래 디너맛집 분위기 좋은 데이트코스 추천,https://blog.naver.com/2713s/223348557205
2024-02-08,,https://blog.naver.com/b4u62
2024-02-08,한남동 맛집 I 한남동자리 한남점,https://blog.naver.com/b4u62/223348521086
2024-02-08,,https://blog.naver.com/oneul88
2024-02-08,한남 뉴타운 몰아보기 한남 5구역 경미한 변경,https://blog.naver.com/oneul88/223348419980
2024-02-08,,https://blog.naver.com/stargatesh
2024-02-08,소규모 술집창업 꾸준히 수익성 올리려면,https://blog.naver.com/stargatesh/223348215616
2024-02-08,,https://blog.naver.com/stylechosun
2024-02-08,포르투의 복합 문화 단지 2_ '체험 경제'의 다채로운 면면을 품다,https://blog.naver.com/stylechosun/223337157881
2024-02-08,포르투의 복합 문화 단지 1_ 도시에 새로운 정체성을 불어넣은 발상의 전환,https://blog.naver.com/stylechosun/223337146365
2024-02-08,,https://blog.naver.com/divers100
2024-02-08,서울에서 커플끼리 놀러갈만한 이색적인 장소 20곳,https://blog.naver.com/divers100/223346786134
2024-02-08,,https://blog.naver.com/everydayberry
2024-02-08,"서울여행, 한강진역 이태원역 사이(패션5, 블루스퀘어 마스터카드홀, 서울큐브이태원)",https://blog.naver.com/everydayberry/223347575087
2024-02-08,,https://blog.naver.com/mini150_
2024-02-08,강남역맛집 파스타 찐 맛집추천 빠레뜨한남 강남CGV점,https://blog.naver.com/mini150_/223347199562
2024-02-08,,https://blog.naver.com/spark0047
2024-02-08,친구들과 모임장소로 방문했던 용산구 한남동 맛집 미래회관 한남본점,https://blog.naver.com/spark0047/223347718872
2024-02-10,,https://blog.naver.com/wndms238
2024-02-10,1월 일기,https://blog.naver.com/wndms238/223349651294
2024-02-10,,https://blog.naver.com/zeroset00
2024-02-10,한남동 술집 육회 소면이 맛있는 참새집 한남점,https://blog.naver.com/zeroset00/223349432619
2024-02-11,,https://blog.naver.com/ohawaiio
2024-02-11,한남동 동아냉면 이태원점 매운냉면,https://blog.naver.com/ohawaiio/223350563394
2024-02-11,,https://blog.naver.com/lifelikedrama
2024-02-11,연인과의 주말 점심 데이트 장소로 딱 _ 라인드한남,https://blog.naver.com/lifelikedrama/223350376735
2024-02-11,,https://blog.naver.com/hi_heejun
2024-02-11,좋아하는 것들 꾹꾹 눌러 담아 2401-0304,https://blog.naver.com/hi_heejun/223350304542
2024-02-11,,https://blog.naver.com/chachamimi_
2024-02-11,한남동 단비 점심코스,https://blog.naver.com/chachamimi_/223350125078
2024-02-12,,https://blog.naver.com/coreap6
2024-02-12,"서울시,러닝명소로 재탄생한 여의나루역서 달리기",https://blog.naver.com/coreap6/223351462453
2024-02-12,,https://blog.naver.com/innofoodtour
2024-02-12,36살 대구남자 서울생활 1년을 되돌아보다. 그리고 이노푸드투어,https://blog.naver.com/innofoodtour/223351387535
2024-02-12,,https://blog.naver.com/rany77
2024-02-12,올댓재즈(All That Jazz) 백용훈콰르텟,https://blog.naver.com/rany77/223349944120
2024-02-13,,https://blog.naver.com/enbnews
2024-02-13,가치 있는 달리기,https://blog.naver.com/enbnews/223352210264
2024-02-13,,https://blog.naver.com/yougetwhatyougive
2024-02-13,"[프랑스여행/파리] 파리지앵으로 살아보기 (feat. 시내구경, 루브르박물관, 센강, 샤틀레역, 마레지구, 사마르탠, 콩코르드광장, 에투알개선문, 에펠탑, 라파예트)",https://blog.naver.com/yougetwhatyougive/223351494515
2024-02-14,,https://blog.naver.com/jeongmini220
2024-02-14,"[항저우, 상하이 여행] DAY4 - 상하이 관광 (헝산루 | 우캉루 | 상하이 아라비카 커피 | 우캉맨션 | 티엔즈팡 | 대한민국임시정부 | 신천지 | 예원)",https://blog.naver.com/jeongmini220/223353686469
2024-02-14,,https://blog.naver.com/life0122
2024-02-14,스타필드 수원/정용진 부회장 야심작/스타필드 2.0,https://blog.naver.com/life0122/223353650146
2024-02-14,,https://blog.naver.com/vitaming-0_0
2024-02-14,[한남동 이자카야] 한우육회 양념 환상!!! <참새집>,https://blog.naver.com/vitaming-0_0/223353525023
2024-02-14,,https://blog.naver.com/leahaltus
2024-02-14,"[우리집 100대 명산 1] 남산의 주말, 사랑하는 사람들은 남산으로 오세요",https://blog.naver.com/leahaltus/223353266857
2024-02-14,,https://blog.naver.com/mingmangmong-
2024-02-14,"[서울 이태원(녹사평역)] Dear Alice(디어 앨리스) | 내돈내산, 이태원양식추천, 레스토랑추천, 데이트추천",https://blog.naver.com/mingmangmong-/223353098405
2024-02-14,,https://blog.naver.com/shinjomnd01
2024-02-14,방배동 고급빌라 아르시엘 방배 최신 분양 정보,https://blog.naver.com/shinjomnd01/223344469766
2024-02-15,,https://blog.naver.com/ksungr
2024-02-15,1박2일 미스터리를 찾아서 #1 (ft 경남 밀양),https://blog.naver.com/ksungr/223354964811
2024-02-15,[한남동 쇼룸+카페] 안젤로비안코 ANGELO BIANCO,https://blog.naver.com/vitaming-0_0/223354674818
2024-02-15,,https://blog.naver.com/pjzuge5463
2024-02-15,[맛집] 초당젤라또 도깨비점 도깨비 촬영지 공유 김고은,https://blog.naver.com/pjzuge5463/223354258920
2024-02-16,,https://blog.naver.com/jus1992
2024-02-16,톡파원 25시 99회 대만 남아공 랜선여행,https://blog.naver.com/jus1992/223356069110
2024-02-16,,https://blog.naver.com/mividaesmia
2024-02-16,또 한 번 연휴는 가고,https://blog.naver.com/mividaesmia/223356029605
2024-02-16,,https://blog.naver.com/m_msssss7
2024-02-16,한남동 분위기 맛집 한강뷰 레스토랑 메종한남 한남동 데이트 코스 추천,https://blog.naver.com/m_msssss7/223355987734
2024-02-17,,https://blog.naver.com/cauba90
2024-02-17,"신당동, 힙한 감성이 흐르는 서울의 새로운 명소",https://blog.naver.com/cauba90/223356723736
2024-02-17,,https://blog.naver.com/ryooniv
2024-02-17,홍콩 숙소 위치별 장단점 및 추천 이유 | 침사추이·몽콕·완차이·센트럴·셩완,https://blog.naver.com/ryooniv/223356625918
2024-02-17,,https://blog.naver.com/kkq5oo-o-
2024-02-17,한남 고기 데이트명소 추천해요,https://blog.naver.com/kkq5oo-o-/223356273610
2024-02-17,,https://blog.naver.com/joo_days
2024-02-17,"홍콩여행 가볼만한곳, 익청빌딩, 해변 리펄스베이, 침사추이 맛집 크리스탈 제이드",https://blog.naver.com/joo_days/223350573339
2024-02-17,,https://blog.naver.com/willbehappyforsure
2024-02-17,"도쿄에서 2주 (4): 나카메구로, 산겐자야, 후타코타마가와, 지유가오카",https://blog.naver.com/willbehappyforsure/223356174047
2024-02-18,,https://blog.naver.com/ddyo_ni
2024-02-18,오만지아 한남동 미쉐린 맛집 한남동 유엔빌리지 레스토랑 오만지아 예약 메뉴,https://blog.naver.com/ddyo_ni/223357632675
2024-02-18,,https://blog.naver.com/bdpy6
2024-02-18,주거지역 쉽게 설명해드림,https://blog.naver.com/bdpy6/223357236320
2024-02-19,,https://blog.naver.com/graenolae
2024-02-19,서울 5성급 호텔 호캉스 추천 그랜드 하얏트 서울 한강 전망 트윈룸 이용 후기,https://blog.naver.com/graenolae/223358917685
2024-02-19,,https://blog.naver.com/labo_barber
2024-02-19,"국내/해외 도메스틱&글로벌 패션/뷰티/미용/시장/경제 등 소식, 뉴스 요약_ 24년 2월 3주차 news",https://blog.naver.com/labo_barber/223358912011
2024-02-19,,https://blog.naver.com/park570806
2024-02-19,10일간의 타이완 여행 - 02,https://blog.naver.com/park570806/223358786349
2024-02-19,,https://blog.naver.com/mubal3
2024-02-19,걷기 좋은 길 - 남산 산책길 나들이,https://blog.naver.com/mubal3/223358569141
2024-02-19,,https://blog.naver.com/kym1212a
2024-02-19,성장,https://blog.naver.com/kym1212a/223358362936
2024-02-19,,https://blog.naver.com/mooodlike
2024-02-19,"도쿄 Tokyo ⑥꼭 가봐야 하는 지역, 롯본기! 미술관&쇼핑&맛집추천｜2121디자인 사이트, 츠케멘 인생 맛집, 국립신미술관 &카페, 아자부다이힐즈 모리타워 전망대까지.",https://blog.naver.com/mooodlike/223357788971
2024-02-20,,https://blog.naver.com/eunjin0284
2024-02-20,"서울 용산, 올드페리도넛 한남점 한남동 필수 코스 저장",https://blog.naver.com/eunjin0284/223359994076
2024-02-20,,https://blog.naver.com/yuan__15
2024-02-20,강릉여행 최종 2월 셋째주 기록,https://blog.naver.com/yuan__15/223359930612
2024-02-20,,https://blog.naver.com/bitter_-
2024-02-20,이색적인 동양풍 칵테일의 이태원 칵테일바 오든,https://blog.naver.com/bitter_-/223359662338
2024-02-20,,https://blog.naver.com/hjkl7087
2024-02-20,아름다운 국악기의 멋! 이영수국악기연구소에서 가야금 줄 교체 후기!,https://blog.naver.com/hjkl7087/223359465646
2024-02-20,,https://blog.naver.com/nborealty
2024-02-20,이태원동 단독주택 월세 렌트 남산 소월길 올수리 주택,https://blog.naver.com/nborealty/223359287652
2024-02-20,,https://blog.naver.com/webomnal
2024-02-20,닭갈비가 맛있는 구이계 동탄2신도시점 동탄 회식 장소 추천,https://blog.naver.com/webomnal/223359255781
2024-02-20,,https://blog.naver.com/mjinchul1
2024-02-20,"[강남구청역 맛집/한남동24시뼈다귀감자탕]묵은지닭볶음탕도 짱!! (ft주차,메뉴,조루만세와인바)",https://blog.naver.com/mjinchul1/223307222497
2024-02-21,,https://blog.naver.com/lgger6388
2024-02-21,SBS 런닝맨 & 수요미식회 한남동 맛집 한남동자리 한남점,https://blog.naver.com/lgger6388/223361172717
2024-02-21,,https://blog.naver.com/bella990816
2024-02-21,"[Bella in US #1] LA 현지인 코스, 2024 에어프레미아 탑승 후기, 산타모니카, The Grove",https://blog.naver.com/bella990816/223361113397
2024-02-21,,https://blog.naver.com/loechmin
2024-02-21,"흐리거나, 시리도록 맑을",https://blog.naver.com/loechmin/223360879576
2024-02-21,,https://blog.naver.com/jennie2u
2024-02-21,옥수동 헬스장 왕 추천 ㅣ해빗피트니스옥수점 PT 후기,https://blog.naver.com/jennie2u/223360609236
2024-02-21,"[상권] 서울 한남동, 패션으로 정점!",https://blog.naver.com/dearus7/223360536805
2024-02-21,,https://blog.naver.com/5154997
2024-02-21,［서울 용산구］에 예스온 건식난방이 시공된 곳은 어디일까요?,https://blog.naver.com/5154997/223357135277
2024-02-22,,https://blog.naver.com/habinibin
2024-02-22,[대만/타이베이] 24/2/18 비니의 4박5일 타이베이 여행기 Day - 3 (용허또우장/베이터우온천/스프링시트리조트/베이터우카페추천/홍마오청/단수이/닝샤야시장),https://blog.naver.com/habinibin/223361856073
2024-02-22,,https://blog.naver.com/hyl2922
2024-02-22,방콕 여행 | 끌롱산 아이콘시암 근처 맛집 분위기 좋은 The Never Ending Summer 추천 메뉴 및 가격 + 주변 볼거리,https://blog.naver.com/hyl2922/223361524236
2024-02-22,,https://blog.naver.com/mangichorong
2024-02-22,"서울 5성급호텔 호캉스 추천 : 그랜드하얏트, 노보텔 스위트용산, 소피텔, 파크하얏트",https://blog.naver.com/mangichorong/223361242254
2024-02-23,,https://blog.naver.com/close_of_day
2024-02-23,180121 서울 한남동 연남소이 수원 남문 28청춘 청년몰 연밀 북문 산적 추억여행 ②,https://blog.naver.com/close_of_day/223363319961
2024-02-23,,https://blog.naver.com/kong_s2
2024-02-23,"2024 미쉐린 가이드 부산 , 미쉐린가이드 이야기",https://blog.naver.com/kong_s2/223363120731
2024-02-23,,https://blog.naver.com/friends2024-
2024-02-23,[인도 여행] 라다크 레(8) - 제목을 지어주세요 | 레 브런치 맛집 | 샨티 스투파 | 일몰,https://blog.naver.com/friends2024-/223362853559
2024-02-24,,https://blog.naver.com/mayfly-486
2024-02-24,"3부) 나트랑X, 나짱O 다녀왔습니다. 최종화!",https://blog.naver.com/mayfly-486/223364123735
2024-02-24,,https://blog.naver.com/ceo9595
2024-02-24,서울 매봉산 (173m). '24.2.24.토,https://blog.naver.com/ceo9595/223363915967
2024-02-24,,https://blog.naver.com/propix
2024-02-24,가족사진 촬영 한남동 이태원 옥수동 금호동 약수동 STUDIO IRIS,https://blog.naver.com/propix/223363904636
2024-02-24,,https://blog.naver.com/goodaylee
2024-02-24,‘2024 미쉐린 가이드 서울 & 부산’ 발표,https://blog.naver.com/goodaylee/223363521973
2024-02-24,,https://blog.naver.com/aaronbsr
2024-02-24,한남 맛집 이태리국시 한남에서 맛있는 요리와 행복한 추억을 만들어 보세요.,https://blog.naver.com/aaronbsr/223362697433
2024-02-25,,https://blog.naver.com/bookred88
2024-02-25,미쉐린가이드 선정 맛집선정발표,https://blog.naver.com/bookred88/223364910325
2024-02-25,잠실데이트코스 골든피스팝업스토어 I 개성주악맛집 약과아이스크림 I 잠실롯데월드몰가볼만한곳,https://blog.naver.com/naridamda/223364899282
2024-02-25,,https://blog.naver.com/yesterday_12
2024-02-25,용산 한남동에서 모임과 데이트 맛집으로 주차까지 가능한 밥도둑 장지녕 간장게장,https://blog.naver.com/yesterday_12/223364864417
2024-02-25,,https://blog.naver.com/a6969235
2024-02-25,"《미쉐린 가이드 서울 & 부산 2024》서울 177곳, 부산 43곳 총 220곳의 레스토랑!",https://blog.naver.com/a6969235/223364371291
2024-02-26,,https://blog.naver.com/jayz22
2024-02-26,2023 생일 주간과 연말 : 이때만큼은 나도 주.인.공,https://blog.naver.com/jayz22/223366079300
2024-02-26,,https://blog.naver.com/iwworld74
2024-02-26,서울 재개발 정비구역 임장기,https://blog.naver.com/iwworld74/223365820004
2024-02-26,,https://blog.naver.com/yejin7335
2024-02-26,Summer diary,https://blog.naver.com/yejin7335/223365673895
2024-02-26,,https://blog.naver.com/fjqm2676
2024-02-26,혼자 서울 나들이 추천 이촌한강공원 산책코스,https://blog.naver.com/fjqm2676/223364690363
2024-02-26,,https://blog.naver.com/maylilybk
2024-02-26,왜 다들 졸업해?,https://blog.naver.com/maylilybk/223365354059
2024-02-26,,https://blog.naver.com/jinoo22222
2024-02-26,신당역 바로 앞 메디컬 꼬마빌딩,https://blog.naver.com/jinoo22222/223365337656
2024-02-27,"트래비스매튜 국내 공식 매장 오픈! 남성 여성 프리미엄 골프웨어 의류복, 봄 캐주얼 라운딩룩 옷 브랜드",https://blog.naver.com/sungdevilsh/223367101889
2024-02-28,,https://blog.naver.com/fentampson
2024-02-28,압구정데이트 음식 진짜 맛있습니다,https://blog.naver.com/fentampson/223368053951
2024-02-28,,https://blog.naver.com/teacherbubu
2024-02-28,"[24-호주] 시드니 숙소_메리톤 켄트 시드니, 노스시드니 하버뷰",https://blog.naver.com/teacherbubu/223367562823
2024-02-28,,https://blog.naver.com/nong-up
2024-02-28,부산에서 미쉐린 가이드 ★을 받은 식당 3곳은 어디?,https://blog.naver.com/nong-up/223366758127
2024-02-28,,https://blog.naver.com/dudwn5161
2024-02-28,베이글 맛집 모노헤르쯔[monohertz]/ 리만머핀 ‘원더랜드’ 전시관람/ 국제전자센터 9층 굿즈샵 후기,https://blog.naver.com/dudwn5161/223367378790
2024-02-28,,https://blog.naver.com/su758
2024-02-28,"임피리얼 팰리스 부티크 호텔 이태원 ""이태원 최고의 호텔, 임피리얼 팰리스!""",https://blog.naver.com/su758/223367293175
2024-02-29,,https://blog.naver.com/designpress2016
2024-02-29,"호텔 비전문가가 만든 콘텐츠 왕국, 에이스 호텔",https://blog.naver.com/designpress2016/223369374096
2024-02-29,,https://blog.naver.com/googlezip
2024-02-29,"서울숙소 인휴당 본적 없는 숙소 ""인휴당""!",https://blog.naver.com/googlezip/223369222820
2024-02-29,,https://blog.naver.com/blackandwall
2024-02-29,동인천 개항로 맛집 식당 카페 술집 추천 시리즈 1탄,https://blog.naver.com/blackandwall/223369049452
2024-02-29,,https://blog.naver.com/minhyer
2024-02-29,참새집 한남점 맛집 부드럽고 고급스러운 한우의 품질,https://blog.naver.com/minhyer/223368467218
2024-02-29,,https://blog.naver.com/nara5748
2024-02-29,24.02회고- 감히 행복이라 말할 수 있었던 한달,https://blog.naver.com/nara5748/223368445988
